boc,1,Banking, 525.394
boc,1,Banking, 524.661
boc,1,Banking, 524.844
boc,1,Banking, 524.109
boc,1,Banking, 523.116
boc,1,Banking, 524.473
boc,1,Banking, 525.446
boc,1,Banking, 524.63
boc,1,Banking, 522.363
boc,1,Banking, 524.373
boc,1,Banking, 524.007
boc,1,Banking, 525.224
boc,1,Banking, 526.319
boc,1,Banking, 524.224
boc,1,Banking, 523.696
boc,1,Banking, 525.857
boc,1,Banking, 526.443
boc,1,Banking, 525.158
boc,1,Banking, 526.041
boc,1,Banking, 525.5
boc,1,Banking, 523.717
boc,1,Banking, 524.337
boc,1,Banking, 524.644
boc,1,Banking, 523.596
boc,1,Banking, 525.945
boc,1,Banking, 526.149
boc,1,Banking, 524.086
boc,1,Banking, 523.545
boc,1,Banking, 526.009
boc,1,Banking, 523.865
boc,1,Banking, 525.174
boc,1,Banking, 524.725
boc,1,Banking, 524.359
boc,1,Banking, 523.685
boc,1,Banking, 524.829
boc,1,Banking, 524.142
boc,1,Banking, 524.27
boc,1,Banking, 525.719
boc,1,Banking, 524.96
boc,1,Banking, 524.889
boc,1,Banking, 524.319
boc,1,Banking, 523.279
boc,1,Banking, 523.051
boc,1,Banking, 527.089
boc,1,Banking, 524.492
boc,1,Banking, 522.715
boc,1,Banking, 523.454
boc,1,Banking, 523.677
boc,1,Banking, 526.195
boc,1,Banking, 525.826
boc,2,Banking, 274.78
boc,2,Banking, 272.636
boc,2,Banking, 274.585
boc,2,Banking, 273.449
boc,2,Banking, 274.744
boc,2,Banking, 273.003
boc,2,Banking, 275.156
boc,2,Banking, 273.258
boc,2,Banking, 274.179
boc,2,Banking, 277.011
boc,2,Banking, 272.973
boc,2,Banking, 277.34
boc,2,Banking, 273.681
boc,2,Banking, 274.966
boc,2,Banking, 273.399
boc,2,Banking, 274.751
boc,2,Banking, 273.228
boc,2,Banking, 274.845
boc,2,Banking, 273.718
boc,2,Banking, 274.661
boc,2,Banking, 273.608
boc,2,Banking, 273.878
boc,2,Banking, 273.832
boc,2,Banking, 274.851
boc,2,Banking, 274.799
boc,2,Banking, 273.571
boc,2,Banking, 274.759
boc,2,Banking, 273.3
boc,2,Banking, 278.717
boc,2,Banking, 273.59
boc,2,Banking, 274.591
boc,2,Banking, 273.685
boc,2,Banking, 274.354
boc,2,Banking, 273.303
boc,2,Banking, 275.277
boc,2,Banking, 275.622
boc,2,Banking, 272.922
boc,2,Banking, 274.39
boc,2,Banking, 273.992
boc,2,Banking, 274.551
boc,2,Banking, 272.858
boc,2,Banking, 274.798
boc,2,Banking, 273.28
boc,2,Banking, 274.781
boc,2,Banking, 273.322
boc,2,Banking, 274.283
boc,2,Banking, 273.843
boc,2,Banking, 274.056
boc,2,Banking, 273.376
boc,2,Banking, 274.83
boc,3,Banking, 188.879
boc,3,Banking, 191.838
boc,3,Banking, 191.934
boc,3,Banking, 191.952
boc,3,Banking, 191.836
boc,3,Banking, 192.019
boc,3,Banking, 191.833
boc,3,Banking, 191.922
boc,3,Banking, 189.351
boc,3,Banking, 191.242
boc,3,Banking, 192.381
boc,3,Banking, 192.494
boc,3,Banking, 191.436
boc,3,Banking, 191.322
boc,3,Banking, 191.842
boc,3,Banking, 192.206
boc,3,Banking, 190.449
boc,3,Banking, 190.616
boc,3,Banking, 191.369
boc,3,Banking, 191.606
boc,3,Banking, 191.997
boc,3,Banking, 191.772
boc,3,Banking, 191.931
boc,3,Banking, 191.763
boc,3,Banking, 191.851
boc,3,Banking, 192.376
boc,3,Banking, 192.055
boc,3,Banking, 191.76
boc,3,Banking, 192.417
boc,3,Banking, 191.774
boc,3,Banking, 191.618
boc,3,Banking, 191.633
boc,3,Banking, 186.617
boc,3,Banking, 190.751
boc,3,Banking, 191.164
boc,3,Banking, 191.541
boc,3,Banking, 189.616
boc,3,Banking, 191.081
boc,3,Banking, 191.487
boc,3,Banking, 191.753
boc,3,Banking, 191.805
boc,3,Banking, 189.8
boc,3,Banking, 187.069
boc,3,Banking, 192.091
boc,3,Banking, 192.043
boc,3,Banking, 191.697
boc,3,Banking, 188.004
boc,3,Banking, 191.983
boc,3,Banking, 191.489
boc,3,Banking, 191.625
boc,4,Banking, 144.564
boc,4,Banking, 146.163
boc,4,Banking, 145.566
boc,4,Banking, 146.621
boc,4,Banking, 145.477
boc,4,Banking, 146.212
boc,4,Banking, 145.859
boc,4,Banking, 146.402
boc,4,Banking, 145.484
boc,4,Banking, 146.352
boc,4,Banking, 145.644
boc,4,Banking, 146.051
boc,4,Banking, 145.451
boc,4,Banking, 146.562
boc,4,Banking, 145.62
boc,4,Banking, 144.438
boc,4,Banking, 146.234
boc,4,Banking, 145.386
boc,4,Banking, 146.406
boc,4,Banking, 145.414
boc,4,Banking, 146.28
boc,4,Banking, 145.527
boc,4,Banking, 146.495
boc,4,Banking, 143.751
boc,4,Banking, 145.757
boc,4,Banking, 146.412
boc,4,Banking, 145.603
boc,4,Banking, 146.278
boc,4,Banking, 145.523
boc,4,Banking, 146.558
boc,4,Banking, 145.749
boc,4,Banking, 146.195
boc,4,Banking, 145.478
boc,4,Banking, 146.316
boc,4,Banking, 145.588
boc,4,Banking, 144.515
boc,4,Banking, 146.355
boc,4,Banking, 145.727
boc,4,Banking, 146.377
boc,4,Banking, 145.848
boc,4,Banking, 145.812
boc,4,Banking, 145.463
boc,4,Banking, 146.461
boc,4,Banking, 145.588
boc,4,Banking, 146.293
boc,4,Banking, 145.49
boc,4,Banking, 146.356
boc,4,Banking, 143.515
boc,4,Banking, 145.849
boc,4,Banking, 144.56
boc,5,Banking, 119.097
boc,5,Banking, 118.103
boc,5,Banking, 117.971
boc,5,Banking, 117.953
boc,5,Banking, 118.274
boc,5,Banking, 117.734
boc,5,Banking, 117.811
boc,5,Banking, 118.139
boc,5,Banking, 118.147
boc,5,Banking, 117.246
boc,5,Banking, 118.564
boc,5,Banking, 115.674
boc,5,Banking, 118.347
boc,5,Banking, 118.444
boc,5,Banking, 119.373
boc,5,Banking, 118.077
boc,5,Banking, 117.872
boc,5,Banking, 117.952
boc,5,Banking, 117.856
boc,5,Banking, 118.027
boc,5,Banking, 118.009
boc,5,Banking, 118.022
boc,5,Banking, 117.846
boc,5,Banking, 117.941
boc,5,Banking, 117.963
boc,5,Banking, 118.143
boc,5,Banking, 116.397
boc,5,Banking, 117.82
boc,5,Banking, 117.764
boc,5,Banking, 118.054
boc,5,Banking, 117.973
boc,5,Banking, 117.872
boc,5,Banking, 118.085
boc,5,Banking, 118.042
boc,5,Banking, 117.914
boc,5,Banking, 117.919
boc,5,Banking, 117.926
boc,5,Banking, 117.974
boc,5,Banking, 118.011
boc,5,Banking, 117.95
boc,5,Banking, 118.142
boc,5,Banking, 118.435
boc,5,Banking, 119.483
boc,5,Banking, 115.878
boc,5,Banking, 118.077
boc,5,Banking, 119.558
boc,5,Banking, 118.277
boc,5,Banking, 117.903
boc,5,Banking, 118.281
boc,5,Banking, 118.009
boc,6,Banking, 99.623
boc,6,Banking, 98.735
boc,6,Banking, 100.957
boc,6,Banking, 99.882
boc,6,Banking, 100.105
boc,6,Banking, 100.139
boc,6,Banking, 99.979
boc,6,Banking, 99.898
boc,6,Banking, 99.944
boc,6,Banking, 100.038
boc,6,Banking, 100.014
boc,6,Banking, 100.131
boc,6,Banking, 99.908
boc,6,Banking, 101.813
boc,6,Banking, 99.644
boc,6,Banking, 98.731
boc,6,Banking, 99.778
boc,6,Banking, 99.847
boc,6,Banking, 99.878
boc,6,Banking, 100.129
boc,6,Banking, 101.947
boc,6,Banking, 99.687
boc,6,Banking, 100.029
boc,6,Banking, 100.463
boc,6,Banking, 99.454
boc,6,Banking, 98.623
boc,6,Banking, 99.628
boc,6,Banking, 99.88
boc,6,Banking, 100.053
boc,6,Banking, 100.12
boc,6,Banking, 99.959
boc,6,Banking, 99.954
boc,6,Banking, 99.665
boc,6,Banking, 98.616
boc,6,Banking, 98.993
boc,6,Banking, 98.663
boc,6,Banking, 99.674
boc,6,Banking, 101.899
boc,6,Banking, 98.286
boc,6,Banking, 99.719
boc,6,Banking, 99.951
boc,6,Banking, 100.15
boc,6,Banking, 99.929
boc,6,Banking, 100.047
boc,6,Banking, 100.07
boc,6,Banking, 99.787
boc,6,Banking, 100.12
boc,6,Banking, 100.032
boc,6,Banking, 99.752
boc,6,Banking, 100.089
boc,7,Banking, 85.936
boc,7,Banking, 86.287
boc,7,Banking, 85.327
boc,7,Banking, 85.67
boc,7,Banking, 87.439
boc,7,Banking, 89.001
boc,7,Banking, 87.204
boc,7,Banking, 88.779
boc,7,Banking, 87.087
boc,7,Banking, 88.995
boc,7,Banking, 86.977
boc,7,Banking, 88.897
boc,7,Banking, 86.978
boc,7,Banking, 89.055
boc,7,Banking, 87.16
boc,7,Banking, 87.748
boc,7,Banking, 88.898
boc,7,Banking, 86.986
boc,7,Banking, 89.009
boc,7,Banking, 87.044
boc,7,Banking, 88.863
boc,7,Banking, 86.83
boc,7,Banking, 87.486
boc,7,Banking, 86.153
boc,7,Banking, 86.52
boc,7,Banking, 89.056
boc,7,Banking, 86.883
boc,7,Banking, 88.851
boc,7,Banking, 86.93
boc,7,Banking, 88.878
boc,7,Banking, 87.198
boc,7,Banking, 88.997
boc,7,Banking, 87.103
boc,7,Banking, 88.994
boc,7,Banking, 86.918
boc,7,Banking, 89.067
boc,7,Banking, 87.095
boc,7,Banking, 88.902
boc,7,Banking, 87.046
boc,7,Banking, 87.75
boc,7,Banking, 89.045
boc,7,Banking, 86.913
boc,7,Banking, 87.452
boc,7,Banking, 86.33
boc,7,Banking, 86.323
boc,7,Banking, 88.775
boc,7,Banking, 87.215
boc,7,Banking, 88.838
boc,7,Banking, 87.011
boc,7,Banking, 88.954
boc,8,Banking, 76.965
boc,8,Banking, 76.02
boc,8,Banking, 75.936
boc,8,Banking, 75.947
boc,8,Banking, 76.049
boc,8,Banking, 75.932
boc,8,Banking, 76.058
boc,8,Banking, 76.085
boc,8,Banking, 76.099
boc,8,Banking, 75.844
boc,8,Banking, 76.024
boc,8,Banking, 75.951
boc,8,Banking, 75.87
boc,8,Banking, 75.911
boc,8,Banking, 75.951
boc,8,Banking, 75.929
boc,8,Banking, 76.004
boc,8,Banking, 75.961
boc,8,Banking, 75.996
boc,8,Banking, 75.932
boc,8,Banking, 76.024
boc,8,Banking, 76.053
boc,8,Banking, 75.97
boc,8,Banking, 75.995
boc,8,Banking, 76.48
boc,8,Banking, 75.45
boc,8,Banking, 75.925
boc,8,Banking, 75.979
boc,8,Banking, 76.048
boc,8,Banking, 76.01
boc,8,Banking, 75.971
boc,8,Banking, 75.995
boc,8,Banking, 75.952
boc,8,Banking, 75.983
boc,8,Banking, 75.94
boc,8,Banking, 75.536
boc,8,Banking, 76.392
boc,8,Banking, 76.018
boc,8,Banking, 76.024
boc,8,Banking, 75.986
boc,8,Banking, 75.945
boc,8,Banking, 76.06
boc,8,Banking, 75.904
boc,8,Banking, 75.996
boc,8,Banking, 75.971
boc,8,Banking, 76.017
boc,8,Banking, 75.963
boc,8,Banking, 75.975
boc,8,Banking, 76.007
boc,8,Banking, 76.099
boc,9,Banking, 68.343
boc,9,Banking, 67.875
boc,9,Banking, 67.948
boc,9,Banking, 68.396
boc,9,Banking, 68.528
boc,9,Banking, 68.004
boc,9,Banking, 67.944
boc,9,Banking, 67.987
boc,9,Banking, 68.014
boc,9,Banking, 67.942
boc,9,Banking, 68.01
boc,9,Banking, 68.032
boc,9,Banking, 67.946
boc,9,Banking, 67.991
boc,9,Banking, 68.06
boc,9,Banking, 68.019
boc,9,Banking, 67.94
boc,9,Banking, 67.982
boc,9,Banking, 67.943
boc,9,Banking, 67.985
boc,9,Banking, 67.958
boc,9,Banking, 67.985
boc,9,Banking, 68.028
boc,9,Banking, 67.862
boc,9,Banking, 67.973
boc,9,Banking, 68.031
boc,9,Banking, 67.997
boc,9,Banking, 67.978
boc,9,Banking, 68.107
boc,9,Banking, 68.906
boc,9,Banking, 68.912
boc,9,Banking, 68.888
boc,9,Banking, 68.106
boc,9,Banking, 67.991
boc,9,Banking, 67.988
boc,9,Banking, 67.959
boc,9,Banking, 68.067
boc,9,Banking, 67.959
boc,9,Banking, 67.934
boc,9,Banking, 67.965
boc,9,Banking, 68.016
boc,9,Banking, 68.02
boc,9,Banking, 68.4
boc,9,Banking, 68.458
boc,9,Banking, 68.102
boc,9,Banking, 70.482
boc,9,Banking, 68.295
boc,9,Banking, 68.028
boc,9,Banking, 67.962
boc,9,Banking, 68.018
boc,10,Banking, 61.888
boc,10,Banking, 62.464
boc,10,Banking, 62.298
boc,10,Banking, 62.968
boc,10,Banking, 62.645
boc,10,Banking, 62.321
boc,10,Banking, 63.016
boc,10,Banking, 62.682
boc,10,Banking, 62.206
boc,10,Banking, 63.076
boc,10,Banking, 62.73
boc,10,Banking, 62.192
boc,10,Banking, 62.998
boc,10,Banking, 62.698
boc,10,Banking, 62.242
boc,10,Banking, 62.968
boc,10,Banking, 62.695
boc,10,Banking, 62.248
boc,10,Banking, 63.084
boc,10,Banking, 62.663
boc,10,Banking, 62.267
boc,10,Banking, 63.028
boc,10,Banking, 62.617
boc,10,Banking, 62.289
boc,10,Banking, 63.043
boc,10,Banking, 62.762
boc,10,Banking, 62.186
boc,10,Banking, 62.987
boc,10,Banking, 62.691
boc,10,Banking, 62.309
boc,10,Banking, 62.957
boc,10,Banking, 62.642
boc,10,Banking, 62.252
boc,10,Banking, 63.049
boc,10,Banking, 62.709
boc,10,Banking, 62.133
boc,10,Banking, 62.994
boc,10,Banking, 62.67
boc,10,Banking, 62.275
boc,10,Banking, 62.99
boc,10,Banking, 62.733
boc,10,Banking, 62.247
boc,10,Banking, 63.074
boc,10,Banking, 62.592
boc,10,Banking, 62.262
boc,10,Banking, 63.038
boc,10,Banking, 62.716
boc,10,Banking, 62.182
boc,10,Banking, 63.042
boc,10,Banking, 62.635
boc,11,Banking, 57.186
boc,11,Banking, 58.174
boc,11,Banking, 56.944
boc,11,Banking, 56.863
boc,11,Banking, 58.099
boc,11,Banking, 57.035
boc,11,Banking, 56.741
boc,11,Banking, 58.319
boc,11,Banking, 56.894
boc,11,Banking, 56.801
boc,11,Banking, 57.54
boc,11,Banking, 57.505
boc,11,Banking, 56.849
boc,11,Banking, 58.2
boc,11,Banking, 57.026
boc,11,Banking, 56.806
boc,11,Banking, 57.446
boc,11,Banking, 57.613
boc,11,Banking, 56.881
boc,11,Banking, 57.406
boc,11,Banking, 57.601
boc,11,Banking, 56.879
boc,11,Banking, 58.18
boc,11,Banking, 56.923
boc,11,Banking, 56.702
boc,11,Banking, 58.246
boc,11,Banking, 56.99
boc,11,Banking, 56.754
boc,11,Banking, 57.522
boc,11,Banking, 57.54
boc,11,Banking, 56.826
boc,11,Banking, 58.273
boc,11,Banking, 57.024
boc,11,Banking, 56.791
boc,11,Banking, 57.508
boc,11,Banking, 57.592
boc,11,Banking, 56.782
boc,11,Banking, 58.185
boc,11,Banking, 56.954
boc,11,Banking, 56.805
boc,11,Banking, 57.409
boc,11,Banking, 57.586
boc,11,Banking, 56.876
boc,11,Banking, 58.286
boc,11,Banking, 56.873
boc,11,Banking, 56.799
boc,11,Banking, 58.191
boc,11,Banking, 56.829
boc,11,Banking, 56.783
boc,11,Banking, 57.174
boc,12,Banking, 53.693
boc,12,Banking, 52.85
boc,12,Banking, 54.013
boc,12,Banking, 53.16
boc,12,Banking, 52.787
boc,12,Banking, 54.062
boc,12,Banking, 53.19
boc,12,Banking, 52.624
boc,12,Banking, 54.042
boc,12,Banking, 53.086
boc,12,Banking, 52.781
boc,12,Banking, 53.029
boc,12,Banking, 54.097
boc,12,Banking, 52.842
boc,12,Banking, 54.053
boc,12,Banking, 53.101
boc,12,Banking, 52.775
boc,12,Banking, 53.973
boc,12,Banking, 53.239
boc,12,Banking, 52.791
boc,12,Banking, 54.001
boc,12,Banking, 53.16
boc,12,Banking, 52.735
boc,12,Banking, 54.031
boc,12,Banking, 53.032
boc,12,Banking, 52.743
boc,12,Banking, 53.065
boc,12,Banking, 54.056
boc,12,Banking, 52.82
boc,12,Banking, 54.07
boc,12,Banking, 53.112
boc,12,Banking, 52.801
boc,12,Banking, 54.031
boc,12,Banking, 53.155
boc,12,Banking, 52.785
boc,12,Banking, 54.006
boc,12,Banking, 53.223
boc,12,Banking, 52.673
boc,12,Banking, 54.058
boc,12,Banking, 52.98
boc,12,Banking, 52.819
boc,12,Banking, 53.919
boc,12,Banking, 53.175
boc,12,Banking, 52.819
boc,12,Banking, 53.989
boc,12,Banking, 53.127
boc,12,Banking, 52.78
boc,12,Banking, 54.011
boc,12,Banking, 53.193
boc,12,Banking, 52.765
boc,13,Banking, 50.31
boc,13,Banking, 49.369
boc,13,Banking, 49.672
boc,13,Banking, 50.352
boc,13,Banking, 50.518
boc,13,Banking, 49.363
boc,13,Banking, 50.517
boc,13,Banking, 49.349
boc,13,Banking, 49.905
boc,13,Banking, 49.971
boc,13,Banking, 50.529
boc,13,Banking, 49.387
boc,13,Banking, 48.732
boc,13,Banking, 49.281
boc,13,Banking, 49.908
boc,13,Banking, 48.719
boc,13,Banking, 48.657
boc,13,Banking, 50.525
boc,13,Banking, 48.795
boc,13,Banking, 49.225
boc,13,Banking, 50.044
boc,13,Banking, 50.515
boc,13,Banking, 49.33
boc,13,Banking, 48.744
boc,13,Banking, 49.318
boc,13,Banking, 49.845
boc,13,Banking, 48.799
boc,13,Banking, 49.244
boc,13,Banking, 49.919
boc,13,Banking, 48.76
boc,13,Banking, 49.301
boc,13,Banking, 50.01
boc,13,Banking, 49.878
boc,13,Banking, 49.96
boc,13,Banking, 48.781
boc,13,Banking, 49.275
boc,13,Banking, 49.984
boc,13,Banking, 48.616
boc,13,Banking, 49.273
boc,13,Banking, 49.944
boc,13,Banking, 49.961
boc,13,Banking, 50.11
boc,13,Banking, 49.916
boc,13,Banking, 49.941
boc,13,Banking, 48.762
boc,13,Banking, 49.303
boc,13,Banking, 49.915
boc,13,Banking, 48.741
boc,13,Banking, 49.261
boc,13,Banking, 49.951
boc,14,Banking, 47.423
boc,14,Banking, 46.217
boc,14,Banking, 47.153
boc,14,Banking, 47.936
boc,14,Banking, 47.973
boc,14,Banking, 47.433
boc,14,Banking, 47.029
boc,14,Banking, 46.228
boc,14,Banking, 47.385
boc,14,Banking, 44.622
boc,14,Banking, 47.302
boc,14,Banking, 48.048
boc,14,Banking, 47.916
boc,14,Banking, 47.91
boc,14,Banking, 46.838
boc,14,Banking, 45.792
boc,14,Banking, 47.196
boc,14,Banking, 47.971
boc,14,Banking, 47.111
boc,14,Banking, 47.336
boc,14,Banking, 46.246
boc,14,Banking, 47.272
boc,14,Banking, 47.978
boc,14,Banking, 47.973
boc,14,Banking, 48.037
boc,14,Banking, 47.981
boc,14,Banking, 47.959
boc,14,Banking, 47.372
boc,14,Banking, 47.125
boc,14,Banking, 46.123
boc,14,Banking, 47.211
boc,14,Banking, 47.302
boc,14,Banking, 47.165
boc,14,Banking, 45.994
boc,14,Banking, 47.368
boc,14,Banking, 47.542
boc,14,Banking, 46.579
boc,14,Banking, 46.558
boc,14,Banking, 47.201
boc,14,Banking, 47.332
boc,14,Banking, 47.104
boc,14,Banking, 46.169
boc,14,Banking, 47.333
boc,14,Banking, 47.615
boc,14,Banking, 46.123
boc,14,Banking, 46.154
boc,14,Banking, 47.889
boc,14,Banking, 47.934
boc,14,Banking, 46.834
boc,14,Banking, 45.904
boc,15,Banking, 44.748
boc,15,Banking, 43.867
boc,15,Banking, 43.945
boc,15,Banking, 43.985
boc,15,Banking, 44.034
boc,15,Banking, 43.968
boc,15,Banking, 43.942
boc,15,Banking, 44.012
boc,15,Banking, 43.834
boc,15,Banking, 43.966
boc,15,Banking, 44.072
boc,15,Banking, 43.909
boc,15,Banking, 43.921
boc,15,Banking, 43.99
boc,15,Banking, 44.001
boc,15,Banking, 43.959
boc,15,Banking, 44.001
boc,15,Banking, 43.973
boc,15,Banking, 43.925
boc,15,Banking, 43.935
boc,15,Banking, 44.011
boc,15,Banking, 43.872
boc,15,Banking, 43.981
boc,15,Banking, 43.994
boc,15,Banking, 44.029
boc,15,Banking, 43.932
boc,15,Banking, 44.181
boc,15,Banking, 43.794
boc,15,Banking, 44.013
boc,15,Banking, 44.232
boc,15,Banking, 43.765
boc,15,Banking, 43.915
boc,15,Banking, 44.045
boc,15,Banking, 43.947
boc,15,Banking, 43.86
boc,15,Banking, 43.86
boc,15,Banking, 43.967
boc,15,Banking, 44.058
boc,15,Banking, 43.98
boc,15,Banking, 43.943
boc,15,Banking, 43.949
boc,15,Banking, 44.011
boc,15,Banking, 43.96
boc,15,Banking, 44.029
boc,15,Banking, 44.001
boc,15,Banking, 44.219
boc,15,Banking, 43.864
boc,15,Banking, 43.766
boc,15,Banking, 43.966
boc,15,Banking, 44.131
boc,16,Banking, 41.633
boc,16,Banking, 42.112
boc,16,Banking, 41.868
boc,16,Banking, 42.065
boc,16,Banking, 41.905
boc,16,Banking, 42.085
boc,16,Banking, 41.847
boc,16,Banking, 42.121
boc,16,Banking, 41.872
boc,16,Banking, 41.924
boc,16,Banking, 41.863
boc,16,Banking, 42.143
boc,16,Banking, 41.826
boc,16,Banking, 42.106
boc,16,Banking, 41.892
boc,16,Banking, 42.106
boc,16,Banking, 41.86
boc,16,Banking, 42.227
boc,16,Banking, 41.751
boc,16,Banking, 42.136
boc,16,Banking, 41.857
boc,16,Banking, 41.843
boc,16,Banking, 41.911
boc,16,Banking, 42.127
boc,16,Banking, 41.793
boc,16,Banking, 41.664
boc,16,Banking, 42.294
boc,16,Banking, 42.08
boc,16,Banking, 41.938
boc,16,Banking, 42.142
boc,16,Banking, 41.806
boc,16,Banking, 42.074
boc,16,Banking, 41.868
boc,16,Banking, 42
boc,16,Banking, 41.861
boc,16,Banking, 42.084
boc,16,Banking, 41.875
boc,16,Banking, 42.088
boc,16,Banking, 41.852
boc,16,Banking, 42.155
boc,16,Banking, 42.016
boc,16,Banking, 41.935
boc,16,Banking, 41.916
boc,16,Banking, 42.065
boc,16,Banking, 41.943
boc,16,Banking, 41.897
boc,16,Banking, 41.917
boc,16,Banking, 42.154
boc,16,Banking, 41.859
boc,16,Banking, 42.104
boc,17,Banking, 39.824
boc,17,Banking, 39.934
boc,17,Banking, 39.964
boc,17,Banking, 40.01
boc,17,Banking, 40.016
boc,17,Banking, 39.957
boc,17,Banking, 40.052
boc,17,Banking, 39.746
boc,17,Banking, 39.994
boc,17,Banking, 40.096
boc,17,Banking, 39.936
boc,17,Banking, 39.846
boc,17,Banking, 39.99
boc,17,Banking, 40.087
boc,17,Banking, 39.874
boc,17,Banking, 40.048
boc,17,Banking, 39.907
boc,17,Banking, 40.034
boc,17,Banking, 39.966
boc,17,Banking, 39.9
boc,17,Banking, 39.906
boc,17,Banking, 40.105
boc,17,Banking, 39.869
boc,17,Banking, 39.978
boc,17,Banking, 40.118
boc,17,Banking, 39.899
boc,17,Banking, 39.912
boc,17,Banking, 39.841
boc,17,Banking, 39.972
boc,17,Banking, 40.044
boc,17,Banking, 39.918
boc,17,Banking, 39.853
boc,17,Banking, 40.12
boc,17,Banking, 39.94
boc,17,Banking, 39.959
boc,17,Banking, 40.051
boc,17,Banking, 39.85
boc,17,Banking, 39.98
boc,17,Banking, 39.972
boc,17,Banking, 40.032
boc,17,Banking, 39.933
boc,17,Banking, 39.811
boc,17,Banking, 39.93
boc,17,Banking, 39.814
boc,17,Banking, 40.026
boc,17,Banking, 40.326
boc,17,Banking, 39.591
boc,17,Banking, 40.089
boc,17,Banking, 39.915
boc,17,Banking, 39.971
boc,18,Banking, 38.239
boc,18,Banking, 37.886
boc,18,Banking, 38.118
boc,18,Banking, 37.879
boc,18,Banking, 38
boc,18,Banking, 37.856
boc,18,Banking, 38.128
boc,18,Banking, 37.785
boc,18,Banking, 38.135
boc,18,Banking, 37.46
boc,18,Banking, 38.497
boc,18,Banking, 37.87
boc,18,Banking, 38.138
boc,18,Banking, 37.853
boc,18,Banking, 38.111
boc,18,Banking, 37.67
boc,18,Banking, 38.318
boc,18,Banking, 37.664
boc,18,Banking, 38.08
boc,18,Banking, 37.782
boc,18,Banking, 38.139
boc,18,Banking, 37.821
boc,18,Banking, 38.101
boc,18,Banking, 37.874
boc,18,Banking, 38.08
boc,18,Banking, 37.861
boc,18,Banking, 37.887
boc,18,Banking, 37.84
boc,18,Banking, 38.104
boc,18,Banking, 37.884
boc,18,Banking, 38.072
boc,18,Banking, 37.89
boc,18,Banking, 38.115
boc,18,Banking, 37.595
boc,18,Banking, 38.168
boc,18,Banking, 37.994
boc,18,Banking, 38.024
boc,18,Banking, 37.689
boc,18,Banking, 38.129
boc,18,Banking, 37.913
boc,18,Banking, 78.658
boc,18,Banking, 39.685
boc,18,Banking, 37.146
boc,18,Banking, 38.467
boc,18,Banking, 37.229
boc,18,Banking, 38.759
boc,18,Banking, 37.913
boc,18,Banking, 37.976
boc,18,Banking, 37.829
boc,18,Banking, 37.92
boc,19,Banking, 36.3
boc,19,Banking, 35.458
boc,19,Banking, 36.297
boc,19,Banking, 35.608
boc,19,Banking, 35.754
boc,19,Banking, 36.171
boc,19,Banking, 35.852
boc,19,Banking, 38.962
boc,19,Banking, 35.788
boc,19,Banking, 35.975
boc,19,Banking, 36.018
boc,19,Banking, 35.967
boc,19,Banking, 36.03
boc,19,Banking, 35.952
boc,19,Banking, 36.013
boc,19,Banking, 35.92
boc,19,Banking, 35.984
boc,19,Banking, 36.004
boc,19,Banking, 35.845
boc,19,Banking, 35.991
boc,19,Banking, 35.984
boc,19,Banking, 35.961
boc,19,Banking, 36.04
boc,19,Banking, 35.685
boc,19,Banking, 36.043
boc,19,Banking, 35.977
boc,19,Banking, 36.069
boc,19,Banking, 35.901
boc,19,Banking, 35.849
boc,19,Banking, 36.038
boc,19,Banking, 35.956
boc,19,Banking, 35.966
boc,19,Banking, 36.027
boc,19,Banking, 35.877
boc,19,Banking, 36.021
boc,19,Banking, 35.989
boc,19,Banking, 35.844
boc,19,Banking, 35.951
boc,19,Banking, 35.913
boc,19,Banking, 35.934
boc,19,Banking, 35.993
boc,19,Banking, 35.987
boc,19,Banking, 36.047
boc,19,Banking, 35.967
boc,19,Banking, 35.953
boc,19,Banking, 35.994
boc,19,Banking, 35.969
boc,19,Banking, 35.999
boc,19,Banking, 35.884
boc,19,Banking, 35.921
boc,20,Banking, 34.642
boc,20,Banking, 35.834
boc,20,Banking, 35.651
boc,20,Banking, 36.309
boc,20,Banking, 36.187
boc,20,Banking, 35.819
boc,20,Banking, 35.983
boc,20,Banking, 35.963
boc,20,Banking, 35.941
boc,20,Banking, 35.977
boc,20,Banking, 35.988
boc,20,Banking, 36.017
boc,20,Banking, 36.135
boc,20,Banking, 35.792
boc,20,Banking, 35.996
boc,20,Banking, 36.18
boc,20,Banking, 35.86
boc,20,Banking, 35.946
boc,20,Banking, 36.068
boc,20,Banking, 35.844
boc,20,Banking, 35.916
boc,20,Banking, 35.95
boc,20,Banking, 35.982
boc,20,Banking, 35.952
boc,20,Banking, 36.041
boc,20,Banking, 35.925
boc,20,Banking, 36.073
boc,20,Banking, 35.889
boc,20,Banking, 35.897
boc,20,Banking, 35.845
boc,20,Banking, 36.01
boc,20,Banking, 35.988
boc,20,Banking, 36.056
boc,20,Banking, 35.911
boc,20,Banking, 35.992
boc,20,Banking, 35.973
boc,20,Banking, 35.989
boc,20,Banking, 35.966
boc,20,Banking, 35.741
boc,20,Banking, 35.596
boc,20,Banking, 36.356
boc,20,Banking, 36.028
boc,20,Banking, 35.966
boc,20,Banking, 35.966
boc,20,Banking, 35.979
boc,20,Banking, 36.174
boc,20,Banking, 35.826
boc,20,Banking, 35.934
boc,20,Banking, 35.79
boc,20,Banking, 36.02
boc,21,Banking, 34.572
boc,21,Banking, 33.205
boc,21,Banking, 34.685
boc,21,Banking, 32.554
boc,21,Banking, 33.125
boc,21,Banking, 34.318
boc,21,Banking, 33.27
boc,21,Banking, 34.481
boc,21,Banking, 32.651
boc,21,Banking, 32.371
boc,21,Banking, 34.682
boc,21,Banking, 32.793
boc,21,Banking, 32.863
boc,21,Banking, 34.429
boc,21,Banking, 33.09
boc,21,Banking, 34.764
boc,21,Banking, 33.074
boc,21,Banking, 34.721
boc,21,Banking, 33.243
boc,21,Banking, 34.746
boc,21,Banking, 33.253
boc,21,Banking, 34.493
boc,21,Banking, 33.235
boc,21,Banking, 34.793
boc,21,Banking, 32.981
boc,21,Banking, 34.823
boc,21,Banking, 33.158
boc,21,Banking, 34.735
boc,21,Banking, 33.271
boc,21,Banking, 34.358
boc,21,Banking, 32.845
boc,21,Banking, 33.126
boc,21,Banking, 34.379
boc,21,Banking, 33.077
boc,21,Banking, 34.545
boc,21,Banking, 33.251
boc,21,Banking, 34.705
boc,21,Banking, 32.843
boc,21,Banking, 33.775
boc,21,Banking, 33.659
boc,21,Banking, 33.278
boc,21,Banking, 34.405
boc,21,Banking, 33.231
boc,21,Banking, 34.504
boc,21,Banking, 33.264
boc,21,Banking, 34.572
boc,21,Banking, 33.205
boc,21,Banking, 34.748
boc,21,Banking, 33.198
boc,21,Banking, 34.773
boc,22,Banking, 31.997
boc,22,Banking, 32.453
boc,22,Banking, 31.994
boc,22,Banking, 31.78
boc,22,Banking, 31.954
boc,22,Banking, 31.949
boc,22,Banking, 31.439
boc,22,Banking, 32.122
boc,22,Banking, 31.998
boc,22,Banking, 32.36
boc,22,Banking, 31.985
boc,22,Banking, 31.291
boc,22,Banking, 31.993
boc,22,Banking, 31.957
boc,22,Banking, 32.429
boc,22,Banking, 31.405
boc,22,Banking, 32.182
boc,22,Banking, 31.944
boc,22,Banking, 31.838
boc,22,Banking, 31.434
boc,22,Banking, 31.829
boc,22,Banking, 31.964
boc,22,Banking, 31.828
boc,22,Banking, 31.817
boc,22,Banking, 32.176
boc,22,Banking, 31.786
boc,22,Banking, 31.899
boc,22,Banking, 32.028
boc,22,Banking, 31.981
boc,22,Banking, 31.735
boc,22,Banking, 32.185
boc,22,Banking, 31.778
boc,22,Banking, 31.799
boc,22,Banking, 31.57
boc,22,Banking, 31.977
boc,22,Banking, 32.029
boc,22,Banking, 31.962
boc,22,Banking, 32.008
boc,22,Banking, 31.753
boc,22,Banking, 32.014
boc,22,Banking, 31.949
boc,22,Banking, 31.986
boc,22,Banking, 31.979
boc,22,Banking, 32.19
boc,22,Banking, 31.785
boc,22,Banking, 32.243
boc,22,Banking, 31.718
boc,22,Banking, 31.822
boc,22,Banking, 31.939
boc,22,Banking, 31.963
boc,23,Banking, 30.927
boc,23,Banking, 31.916
boc,23,Banking, 32.031
boc,23,Banking, 32.015
boc,23,Banking, 31.985
boc,23,Banking, 31.917
boc,23,Banking, 31.865
boc,23,Banking, 31.987
boc,23,Banking, 31.957
boc,23,Banking, 31.989
boc,23,Banking, 31.988
boc,23,Banking, 31.883
boc,23,Banking, 32.001
boc,23,Banking, 31.967
boc,23,Banking, 31.809
boc,23,Banking, 32.178
boc,23,Banking, 31.804
boc,23,Banking, 31.978
boc,23,Banking, 32.013
boc,23,Banking, 32.037
boc,23,Banking, 31.973
boc,23,Banking, 31.923
boc,23,Banking, 31.838
boc,23,Banking, 32.02
boc,23,Banking, 32.09
boc,23,Banking, 31.887
boc,23,Banking, 32.081
boc,23,Banking, 32.056
boc,23,Banking, 31.745
boc,23,Banking, 32.009
boc,23,Banking, 31.515
boc,23,Banking, 31.96
boc,23,Banking, 32.365
boc,23,Banking, 31.892
boc,23,Banking, 31.994
boc,23,Banking, 31.959
boc,23,Banking, 32.009
boc,23,Banking, 31.941
boc,23,Banking, 31.997
boc,23,Banking, 31.879
boc,23,Banking, 31.987
boc,23,Banking, 32.017
boc,23,Banking, 32.003
boc,23,Banking, 31.949
boc,23,Banking, 31.787
boc,23,Banking, 31.959
boc,23,Banking, 31.886
boc,23,Banking, 31.965
boc,23,Banking, 31.983
boc,23,Banking, 32.019
boc,24,Banking, 31.012
boc,24,Banking, 29.994
boc,24,Banking, 30.008
boc,24,Banking, 30.863
boc,24,Banking, 29.283
boc,24,Banking, 31.544
boc,24,Banking, 29.762
boc,24,Banking, 30.271
boc,24,Banking, 30.844
boc,24,Banking, 29.466
boc,24,Banking, 31.991
boc,24,Banking, 31.559
boc,24,Banking, 30.793
boc,24,Banking, 29.989
boc,24,Banking, 30.892
boc,24,Banking, 30.926
boc,24,Banking, 29.504
boc,24,Banking, 31.528
boc,24,Banking, 31.66
boc,24,Banking, 29.768
boc,24,Banking, 30.244
boc,24,Banking, 31.202
boc,24,Banking, 30.115
boc,24,Banking, 30.761
boc,24,Banking, 31.843
boc,24,Banking, 31.933
boc,24,Banking, 29.881
boc,24,Banking, 30.403
boc,24,Banking, 31.505
boc,24,Banking, 31.815
boc,24,Banking, 30.749
boc,24,Banking, 29.802
boc,24,Banking, 31.605
boc,24,Banking, 31.818
boc,24,Banking, 29.348
boc,24,Banking, 30.765
boc,24,Banking, 31.289
boc,24,Banking, 29.835
boc,24,Banking, 30.538
boc,24,Banking, 31.398
boc,24,Banking, 30.008
boc,24,Banking, 30.507
boc,24,Banking, 30.89
boc,24,Banking, 29.51
boc,24,Banking, 31.409
boc,24,Banking, 31.434
boc,24,Banking, 29.94
boc,24,Banking, 30.636
boc,24,Banking, 31.322
boc,24,Banking, 29.514
boc,25,Banking, 30.393
boc,25,Banking, 29.069
boc,25,Banking, 30.156
boc,25,Banking, 28.731
boc,25,Banking, 28.817
boc,25,Banking, 30.609
boc,25,Banking, 29.189
boc,25,Banking, 30.748
boc,25,Banking, 29.3
boc,25,Banking, 30.677
boc,25,Banking, 28.975
boc,25,Banking, 30.763
boc,25,Banking, 29.201
boc,25,Banking, 30.733
boc,25,Banking, 28.415
boc,25,Banking, 28.787
boc,25,Banking, 30.588
boc,25,Banking, 29.23
boc,25,Banking, 30.697
boc,25,Banking, 29.027
boc,25,Banking, 30.726
boc,25,Banking, 28.886
boc,25,Banking, 29.611
boc,25,Banking, 29.555
boc,25,Banking, 29.046
boc,25,Banking, 30.932
boc,25,Banking, 29.089
boc,25,Banking, 30.439
boc,25,Banking, 29.228
boc,25,Banking, 30.742
boc,25,Banking, 29.201
boc,25,Banking, 30.779
boc,25,Banking, 29.182
boc,25,Banking, 30.786
boc,25,Banking, 28.437
boc,25,Banking, 28.681
boc,25,Banking, 30.538
boc,25,Banking, 28.412
boc,25,Banking, 29.238
boc,25,Banking, 30.404
boc,25,Banking, 29.146
boc,25,Banking, 30.757
boc,25,Banking, 28.439
boc,25,Banking, 28.79
boc,25,Banking, 30.221
boc,25,Banking, 29.242
boc,25,Banking, 30.844
boc,25,Banking, 28.644
boc,25,Banking, 28.608
boc,25,Banking, 30.578
boc,26,Banking, 28.47
boc,26,Banking, 27.663
boc,26,Banking, 28.496
boc,26,Banking, 28.806
boc,26,Banking, 29.198
boc,26,Banking, 28.059
boc,26,Banking, 27.952
boc,26,Banking, 27.945
boc,26,Banking, 28.024
boc,26,Banking, 27.971
boc,26,Banking, 28.06
boc,26,Banking, 27.916
boc,26,Banking, 27.941
boc,26,Banking, 28.019
boc,26,Banking, 27.77
boc,26,Banking, 28.076
boc,26,Banking, 27.958
boc,26,Banking, 27.939
boc,26,Banking, 27.971
boc,26,Banking, 27.983
boc,26,Banking, 27.974
boc,26,Banking, 27.75
boc,26,Banking, 28.198
boc,26,Banking, 27.777
boc,26,Banking, 27.986
boc,26,Banking, 27.96
boc,26,Banking, 28.071
boc,26,Banking, 27.899
boc,26,Banking, 27.86
boc,26,Banking, 27.982
boc,26,Banking, 27.976
boc,26,Banking, 28
boc,26,Banking, 28.001
boc,26,Banking, 27.959
boc,26,Banking, 27.99
boc,26,Banking, 27.76
boc,26,Banking, 27.995
boc,26,Banking, 28.011
boc,26,Banking, 27.951
boc,26,Banking, 27.978
boc,26,Banking, 28.117
boc,26,Banking, 27.88
boc,26,Banking, 27.653
boc,26,Banking, 27.98
boc,26,Banking, 28.035
boc,26,Banking, 27.955
boc,26,Banking, 28.063
boc,26,Banking, 27.879
boc,26,Banking, 27.941
boc,26,Banking, 27.636
boc,27,Banking, 27.202
boc,27,Banking, 27.779
boc,27,Banking, 27.879
boc,27,Banking, 28.266
boc,27,Banking, 27.693
boc,27,Banking, 27.999
boc,27,Banking, 27.769
boc,27,Banking, 27.946
boc,27,Banking, 27.981
boc,27,Banking, 28.063
boc,27,Banking, 28.069
boc,27,Banking, 27.82
boc,27,Banking, 27.99
boc,27,Banking, 27.974
boc,27,Banking, 27.835
boc,27,Banking, 27.884
boc,27,Banking, 28.023
boc,27,Banking, 27.793
boc,27,Banking, 27.983
boc,27,Banking, 28.015
boc,27,Banking, 27.589
boc,27,Banking, 27.983
boc,27,Banking, 27.967
boc,27,Banking, 28.002
boc,27,Banking, 27.963
boc,27,Banking, 28.022
boc,27,Banking, 27.831
boc,27,Banking, 27.634
boc,27,Banking, 27.973
boc,27,Banking, 28.031
boc,27,Banking, 27.947
boc,27,Banking, 27.933
boc,27,Banking, 28.064
boc,27,Banking, 27.927
boc,27,Banking, 27.932
boc,27,Banking, 27.696
boc,27,Banking, 27.829
boc,27,Banking, 28.107
boc,27,Banking, 27.978
boc,27,Banking, 27.876
boc,27,Banking, 27.976
boc,27,Banking, 27.725
boc,27,Banking, 27.987
boc,27,Banking, 28.021
boc,27,Banking, 27.725
boc,27,Banking, 27.958
boc,27,Banking, 28.028
boc,27,Banking, 27.957
boc,27,Banking, 27.744
boc,27,Banking, 28.105
boc,28,Banking, 27.169
boc,28,Banking, 27.994
boc,28,Banking, 27.976
boc,28,Banking, 27.871
boc,28,Banking, 27.923
boc,28,Banking, 27.786
boc,28,Banking, 27.973
boc,28,Banking, 27.94
boc,28,Banking, 27.981
boc,28,Banking, 27.988
boc,28,Banking, 28.007
boc,28,Banking, 27.972
boc,28,Banking, 27.821
boc,28,Banking, 27.957
boc,28,Banking, 28.008
boc,28,Banking, 27.991
boc,28,Banking, 27.945
boc,28,Banking, 28.03
boc,28,Banking, 28.102
boc,28,Banking, 27.667
boc,28,Banking, 27.955
boc,28,Banking, 27.673
boc,28,Banking, 27.987
boc,28,Banking, 27.95
boc,28,Banking, 27.996
boc,28,Banking, 28.144
boc,28,Banking, 27.47
boc,28,Banking, 28.005
boc,28,Banking, 27.955
boc,28,Banking, 28.014
boc,28,Banking, 27.596
boc,28,Banking, 27.991
boc,28,Banking, 28.007
boc,28,Banking, 27.465
boc,28,Banking, 28.293
boc,28,Banking, 27.929
boc,28,Banking, 27.931
boc,28,Banking, 28.087
boc,28,Banking, 27.92
boc,28,Banking, 27.716
boc,28,Banking, 27.824
boc,28,Banking, 27.906
boc,28,Banking, 27.947
boc,28,Banking, 28.14
boc,28,Banking, 27.838
boc,28,Banking, 27.991
boc,28,Banking, 27.992
boc,28,Banking, 27.647
boc,28,Banking, 27.575
boc,28,Banking, 28.043
boc,29,Banking, 27.576
boc,29,Banking, 27.885
boc,29,Banking, 27.751
boc,29,Banking, 27.685
boc,29,Banking, 25.939
boc,29,Banking, 26.271
boc,29,Banking, 27.801
boc,29,Banking, 27.267
boc,29,Banking, 26.072
boc,29,Banking, 26.901
boc,29,Banking, 27.703
boc,29,Banking, 27.214
boc,29,Banking, 26.042
boc,29,Banking, 26.611
boc,29,Banking, 28.063
boc,29,Banking, 27.82
boc,29,Banking, 28.126
boc,29,Banking, 27.622
boc,29,Banking, 25.836
boc,29,Banking, 26.225
boc,29,Banking, 27.959
boc,29,Banking, 27.238
boc,29,Banking, 26.158
boc,29,Banking, 26.587
boc,29,Banking, 28.023
boc,29,Banking, 27.654
boc,29,Banking, 26.603
boc,29,Banking, 25.759
boc,29,Banking, 27.83
boc,29,Banking, 27.519
boc,29,Banking, 26.177
boc,29,Banking, 26.194
boc,29,Banking, 27.583
boc,29,Banking, 27.081
boc,29,Banking, 25.936
boc,29,Banking, 26.938
boc,29,Banking, 27.976
boc,29,Banking, 27.101
boc,29,Banking, 25.96
boc,29,Banking, 26.506
boc,29,Banking, 28.015
boc,29,Banking, 27.523
boc,29,Banking, 25.956
boc,29,Banking, 26.468
boc,29,Banking, 27.977
boc,29,Banking, 27.371
boc,29,Banking, 25.26
boc,29,Banking, 27.049
boc,29,Banking, 27.565
boc,29,Banking, 26.289
boc,30,Banking, 26.004
boc,30,Banking, 27.336
boc,30,Banking, 24.576
boc,30,Banking, 27.039
boc,30,Banking, 25.233
boc,30,Banking, 26.742
boc,30,Banking, 25.422
boc,30,Banking, 26.534
boc,30,Banking, 24.703
boc,30,Banking, 26.93
boc,30,Banking, 24.932
boc,30,Banking, 26.957
boc,30,Banking, 24.872
boc,30,Banking, 27.116
boc,30,Banking, 24.928
boc,30,Banking, 26.642
boc,30,Banking, 25.865
boc,30,Banking, 26.091
boc,30,Banking, 25.432
boc,30,Banking, 26.689
boc,30,Banking, 25.301
boc,30,Banking, 26.31
boc,30,Banking, 26.06
boc,30,Banking, 25.888
boc,30,Banking, 25.24
boc,30,Banking, 26.603
boc,30,Banking, 25.131
boc,30,Banking, 26.672
boc,30,Banking, 24.687
boc,30,Banking, 27.208
boc,30,Banking, 25.375
boc,30,Banking, 26.67
boc,30,Banking, 25.176
boc,30,Banking, 26.685
boc,30,Banking, 26.209
boc,30,Banking, 25.704
boc,30,Banking, 25.398
boc,30,Banking, 26.586
boc,30,Banking, 25.218
boc,30,Banking, 26.478
boc,30,Banking, 25.243
boc,30,Banking, 26.718
boc,30,Banking, 25.714
boc,30,Banking, 26.261
boc,30,Banking, 24.73
boc,30,Banking, 26.834
boc,30,Banking, 25.333
boc,30,Banking, 26.685
boc,30,Banking, 24.94
boc,30,Banking, 27.032
boc,31,Banking, 24.323
boc,31,Banking, 26.607
boc,31,Banking, 24.689
boc,31,Banking, 26.005
boc,31,Banking, 25.089
boc,31,Banking, 24.151
boc,31,Banking, 24.877
boc,31,Banking, 26.55
boc,31,Banking, 24.373
boc,31,Banking, 25.148
boc,31,Banking, 26.306
boc,31,Banking, 24.974
boc,31,Banking, 25.763
boc,31,Banking, 25.169
boc,31,Banking, 24.704
boc,31,Banking, 25.247
boc,31,Banking, 25.69
boc,31,Banking, 24.99
boc,31,Banking, 25.883
boc,31,Banking, 25.059
boc,31,Banking, 24.653
boc,31,Banking, 24.929
boc,31,Banking, 26.087
boc,31,Banking, 24.942
boc,31,Banking, 26.045
boc,31,Banking, 24.921
boc,31,Banking, 24.537
boc,31,Banking, 25.889
boc,31,Banking, 25.097
boc,31,Banking, 24.469
boc,31,Banking, 24.841
boc,31,Banking, 26.414
boc,31,Banking, 24.558
boc,31,Banking, 24.013
boc,31,Banking, 24.449
boc,31,Banking, 26.714
boc,31,Banking, 24.591
boc,31,Banking, 26.661
boc,31,Banking, 24.718
boc,31,Banking, 24.775
boc,31,Banking, 26.61
boc,31,Banking, 24.456
boc,31,Banking, 24.526
boc,31,Banking, 26.886
boc,31,Banking, 24.834
boc,31,Banking, 26.088
boc,31,Banking, 24.982
boc,31,Banking, 24.906
boc,31,Banking, 25.652
boc,31,Banking, 25.282
boc,32,Banking, 24.211
boc,32,Banking, 23.475
boc,32,Banking, 24.619
boc,32,Banking, 24.028
boc,32,Banking, 24.987
boc,32,Banking, 25.347
boc,32,Banking, 23.894
boc,32,Banking, 24.252
boc,32,Banking, 23.912
boc,32,Banking, 24.049
boc,32,Banking, 24.012
boc,32,Banking, 23.714
boc,32,Banking, 24.095
boc,32,Banking, 23.889
boc,32,Banking, 24.016
boc,32,Banking, 23.967
boc,32,Banking, 23.773
boc,32,Banking, 23.983
boc,32,Banking, 24.686
boc,32,Banking, 23.909
boc,32,Banking, 24.258
boc,32,Banking, 25.351
boc,32,Banking, 25.199
boc,32,Banking, 23.999
boc,32,Banking, 24.265
boc,32,Banking, 23.985
boc,32,Banking, 24.929
boc,32,Banking, 24.109
boc,32,Banking, 24.861
boc,32,Banking, 25.512
boc,32,Banking, 24.222
boc,32,Banking, 23.948
boc,32,Banking, 24.001
boc,32,Banking, 23.982
boc,32,Banking, 23.833
boc,32,Banking, 23.983
boc,32,Banking, 24.608
boc,32,Banking, 24.303
boc,32,Banking, 24.267
boc,32,Banking, 26.321
boc,32,Banking, 24.163
boc,32,Banking, 23.842
boc,32,Banking, 24.128
boc,32,Banking, 24.579
boc,32,Banking, 24.28
boc,32,Banking, 25.498
boc,32,Banking, 25
boc,32,Banking, 24.079
boc,32,Banking, 24.122
boc,32,Banking, 24.02
boc,33,Banking, 23.351
boc,33,Banking, 23.752
boc,33,Banking, 23.949
boc,33,Banking, 23.818
boc,33,Banking, 23.855
boc,33,Banking, 24.017
boc,33,Banking, 24.025
boc,33,Banking, 23.936
boc,33,Banking, 23.556
boc,33,Banking, 24.105
boc,33,Banking, 23.796
boc,33,Banking, 24.019
boc,33,Banking, 23.989
boc,33,Banking, 24.052
boc,33,Banking, 23.657
boc,33,Banking, 23.916
boc,33,Banking, 24.094
boc,33,Banking, 23.892
boc,33,Banking, 23.987
boc,33,Banking, 23.957
boc,33,Banking, 23.696
boc,33,Banking, 23.84
boc,33,Banking, 24.154
boc,33,Banking, 23.873
boc,33,Banking, 23.938
boc,33,Banking, 23.999
boc,33,Banking, 23.689
boc,33,Banking, 24.012
boc,33,Banking, 23.959
boc,33,Banking, 24.239
boc,33,Banking, 23.693
boc,33,Banking, 24.044
boc,33,Banking, 23.806
boc,33,Banking, 23.89
boc,33,Banking, 23.976
boc,33,Banking, 23.952
boc,33,Banking, 24.173
boc,33,Banking, 24.26
boc,33,Banking, 23.467
boc,33,Banking, 24.048
boc,33,Banking, 24.272
boc,33,Banking, 23.666
boc,33,Banking, 24.605
boc,33,Banking, 23.581
boc,33,Banking, 23.462
boc,33,Banking, 23.853
boc,33,Banking, 23.874
boc,33,Banking, 24.322
boc,33,Banking, 23.839
boc,33,Banking, 23.81
boc,34,Banking, 23.122
boc,34,Banking, 24.007
boc,34,Banking, 24.006
boc,34,Banking, 23.987
boc,34,Banking, 23.942
boc,34,Banking, 23.929
boc,34,Banking, 23.837
boc,34,Banking, 23.887
boc,34,Banking, 24.085
boc,34,Banking, 24.01
boc,34,Banking, 24.042
boc,34,Banking, 23.876
boc,34,Banking, 23.923
boc,34,Banking, 23.787
boc,34,Banking, 24.523
boc,34,Banking, 23.326
boc,34,Banking, 24.002
boc,34,Banking, 23.997
boc,34,Banking, 23.769
boc,34,Banking, 24.347
boc,34,Banking, 23.55
boc,34,Banking, 23.996
boc,34,Banking, 24.722
boc,34,Banking, 23.597
boc,34,Banking, 23.544
boc,34,Banking, 23.864
boc,34,Banking, 24.075
boc,34,Banking, 24.064
boc,34,Banking, 23.791
boc,34,Banking, 24.211
boc,34,Banking, 23.792
boc,34,Banking, 23.918
boc,34,Banking, 24.201
boc,34,Banking, 23.891
boc,34,Banking, 23.824
boc,34,Banking, 24.094
boc,34,Banking, 23.669
boc,34,Banking, 23.782
boc,34,Banking, 23.951
boc,34,Banking, 24.718
boc,34,Banking, 23.306
boc,34,Banking, 23.949
boc,34,Banking, 23.691
boc,34,Banking, 24.06
boc,34,Banking, 24.175
boc,34,Banking, 23.656
boc,34,Banking, 24.057
boc,34,Banking, 24.018
boc,34,Banking, 23.556
boc,34,Banking, 24.008
boc,35,Banking, 23.354
boc,35,Banking, 23.909
boc,35,Banking, 24.273
boc,35,Banking, 23.475
boc,35,Banking, 23.79
boc,35,Banking, 24.274
boc,35,Banking, 23.699
boc,35,Banking, 23.797
boc,35,Banking, 23.587
boc,35,Banking, 24.013
boc,35,Banking, 24.334
boc,35,Banking, 23.453
boc,35,Banking, 23.725
boc,35,Banking, 23.67
boc,35,Banking, 24.082
boc,35,Banking, 24.015
boc,35,Banking, 23.938
boc,35,Banking, 24.342
boc,35,Banking, 23.396
boc,35,Banking, 24.1
boc,35,Banking, 23.834
boc,35,Banking, 23.959
boc,35,Banking, 23.951
boc,35,Banking, 23.791
boc,35,Banking, 23.852
boc,35,Banking, 23.648
boc,35,Banking, 23.966
boc,35,Banking, 23.982
boc,35,Banking, 24.184
boc,35,Banking, 23.535
boc,35,Banking, 24.09
boc,35,Banking, 23.894
boc,35,Banking, 23.884
boc,35,Banking, 23.479
boc,35,Banking, 24.041
boc,35,Banking, 23.852
boc,35,Banking, 23.979
boc,35,Banking, 24.069
boc,35,Banking, 23.712
boc,35,Banking, 23.504
boc,35,Banking, 24.013
boc,35,Banking, 23.943
boc,35,Banking, 23.98
boc,35,Banking, 23.707
boc,35,Banking, 23.898
boc,35,Banking, 23.99
boc,35,Banking, 24.021
boc,35,Banking, 23.633
boc,35,Banking, 23.713
boc,35,Banking, 24.234
boc,36,Banking, 23.578
boc,36,Banking, 24.173
boc,36,Banking, 23.748
boc,36,Banking, 23.59
boc,36,Banking, 24.039
boc,36,Banking, 23.891
boc,36,Banking, 24.059
boc,36,Banking, 24.138
boc,36,Banking, 23.446
boc,36,Banking, 24.02
boc,36,Banking, 24.228
boc,36,Banking, 23.515
boc,36,Banking, 23.821
boc,36,Banking, 23.806
boc,36,Banking, 24.005
boc,36,Banking, 24.08
boc,36,Banking, 23.85
boc,36,Banking, 23.738
boc,36,Banking, 23.481
boc,36,Banking, 23.901
boc,36,Banking, 24.1
boc,36,Banking, 24.051
boc,36,Banking, 23.849
boc,36,Banking, 23.79
boc,36,Banking, 23.74
boc,36,Banking, 23.821
boc,36,Banking, 24.352
boc,36,Banking, 23.643
boc,36,Banking, 23.537
boc,36,Banking, 23.926
boc,36,Banking, 24.034
boc,36,Banking, 23.516
boc,36,Banking, 23.941
boc,36,Banking, 23.566
boc,36,Banking, 23.787
boc,36,Banking, 24.179
boc,36,Banking, 24.171
boc,36,Banking, 23.834
boc,36,Banking, 23.47
boc,36,Banking, 23.829
boc,36,Banking, 23.978
boc,36,Banking, 24.488
boc,36,Banking, 23.647
boc,36,Banking, 23.634
boc,36,Banking, 24.202
boc,36,Banking, 23.495
boc,36,Banking, 23.921
boc,36,Banking, 24.181
boc,36,Banking, 23.35
boc,36,Banking, 23.967
boc,37,Banking, 23.741
boc,37,Banking, 23.977
boc,37,Banking, 23.377
boc,37,Banking, 24.118
boc,37,Banking, 23.914
boc,37,Banking, 23.804
boc,37,Banking, 24.182
boc,37,Banking, 23.591
boc,37,Banking, 23.828
boc,37,Banking, 23.915
boc,37,Banking, 23.789
boc,37,Banking, 23.984
boc,37,Banking, 24.292
boc,37,Banking, 23.734
boc,37,Banking, 24.106
boc,37,Banking, 23.809
boc,37,Banking, 23.767
boc,37,Banking, 23.951
boc,37,Banking, 23.69
boc,37,Banking, 24.271
boc,37,Banking, 24.084
boc,37,Banking, 24.167
boc,37,Banking, 23.487
boc,37,Banking, 23.807
boc,37,Banking, 23.806
boc,37,Banking, 23.985
boc,37,Banking, 23.984
boc,37,Banking, 23.838
boc,37,Banking, 23.483
boc,37,Banking, 24.118
boc,37,Banking, 23.91
boc,37,Banking, 24.013
boc,37,Banking, 23.886
boc,37,Banking, 23.471
boc,37,Banking, 24.063
boc,37,Banking, 23.856
boc,37,Banking, 24.109
boc,37,Banking, 23.89
boc,37,Banking, 24.515
boc,37,Banking, 23.458
boc,37,Banking, 24.815
boc,37,Banking, 23.148
boc,37,Banking, 24.094
boc,37,Banking, 23.276
boc,37,Banking, 24.16
boc,37,Banking, 23.818
boc,37,Banking, 24.069
boc,37,Banking, 23.759
boc,37,Banking, 23.74
boc,37,Banking, 24.082
boc,38,Banking, 24.242
boc,38,Banking, 23.859
boc,38,Banking, 24.573
boc,38,Banking, 23.55
boc,38,Banking, 23.865
boc,38,Banking, 24.021
boc,38,Banking, 23.507
boc,38,Banking, 24.558
boc,38,Banking, 23.546
boc,38,Banking, 23.435
boc,38,Banking, 24.476
boc,38,Banking, 24.025
boc,38,Banking, 23.478
boc,38,Banking, 24.01
boc,38,Banking, 23.886
boc,38,Banking, 23.673
boc,38,Banking, 24.878
boc,38,Banking, 23.909
boc,38,Banking, 23.49
boc,38,Banking, 23.831
boc,38,Banking, 23.76
boc,38,Banking, 24.084
boc,38,Banking, 23.693
boc,38,Banking, 23.569
boc,38,Banking, 24.301
boc,38,Banking, 23.553
boc,38,Banking, 24.574
boc,38,Banking, 23.852
boc,38,Banking, 23.654
boc,38,Banking, 24.509
boc,38,Banking, 23.514
boc,38,Banking, 23.887
boc,38,Banking, 23.728
boc,38,Banking, 23.014
boc,38,Banking, 24.226
boc,38,Banking, 23.779
boc,38,Banking, 24.199
boc,38,Banking, 24.406
boc,38,Banking, 24.541
boc,38,Banking, 22.911
boc,38,Banking, 23.754
boc,38,Banking, 24.245
boc,38,Banking, 24.17
boc,38,Banking, 23.38
boc,38,Banking, 24.029
boc,38,Banking, 24.41
boc,38,Banking, 23.415
boc,38,Banking, 24.405
boc,38,Banking, 23.389
boc,38,Banking, 24.446
boc,39,Banking, 24.243
boc,39,Banking, 22.492
boc,39,Banking, 23.938
boc,39,Banking, 23.919
boc,39,Banking, 24.403
boc,39,Banking, 23.19
boc,39,Banking, 23.263
boc,39,Banking, 22.887
boc,39,Banking, 23.348
boc,39,Banking, 22.976
boc,39,Banking, 23.522
boc,39,Banking, 23.526
boc,39,Banking, 23.34
boc,39,Banking, 23.047
boc,39,Banking, 22.976
boc,39,Banking, 23.375
boc,39,Banking, 23.264
boc,39,Banking, 23.251
boc,39,Banking, 23.591
boc,39,Banking, 23.228
boc,39,Banking, 23.356
boc,39,Banking, 22.89
boc,39,Banking, 23.757
boc,39,Banking, 23.056
boc,39,Banking, 23.44
boc,39,Banking, 23.263
boc,39,Banking, 23.241
boc,39,Banking, 23.063
boc,39,Banking, 23.125
boc,39,Banking, 24.961
boc,39,Banking, 22.112
boc,39,Banking, 23.945
boc,39,Banking, 24.042
boc,39,Banking, 24.308
boc,39,Banking, 22.26
boc,39,Banking, 23.293
boc,39,Banking, 23.936
boc,39,Banking, 23.42
boc,39,Banking, 23.311
boc,39,Banking, 23.342
boc,39,Banking, 23.837
boc,39,Banking, 23.139
boc,39,Banking, 23.205
boc,39,Banking, 24.611
boc,39,Banking, 22.529
boc,39,Banking, 23.555
boc,39,Banking, 24.55
boc,39,Banking, 25.268
boc,39,Banking, 21.433
boc,39,Banking, 23.777
boc,40,Banking, 23.776
boc,40,Banking, 23.27
boc,40,Banking, 23.124
boc,40,Banking, 23.664
boc,40,Banking, 23.051
boc,40,Banking, 23.326
boc,40,Banking, 23.501
boc,40,Banking, 22.971
boc,40,Banking, 23.321
boc,40,Banking, 23.366
boc,40,Banking, 23.424
boc,40,Banking, 23.017
boc,40,Banking, 23.825
boc,40,Banking, 23.221
boc,40,Banking, 23.134
boc,40,Banking, 23.051
boc,40,Banking, 23.568
boc,40,Banking, 23.153
boc,40,Banking, 23.223
boc,40,Banking, 23.262
boc,40,Banking, 25.455
boc,40,Banking, 21.969
boc,40,Banking, 23.314
boc,40,Banking, 23.574
boc,40,Banking, 22.623
boc,40,Banking, 24.05
boc,40,Banking, 22.781
boc,40,Banking, 23.293
boc,40,Banking, 23.236
boc,40,Banking, 24.765
boc,40,Banking, 22.619
boc,40,Banking, 22.666
boc,40,Banking, 23.66
boc,40,Banking, 23.433
boc,40,Banking, 23.486
boc,40,Banking, 23.188
boc,40,Banking, 23.539
boc,40,Banking, 23.807
boc,40,Banking, 22.979
boc,40,Banking, 22.997
boc,40,Banking, 23.481
boc,40,Banking, 23.394
boc,40,Banking, 23.755
boc,40,Banking, 23.934
boc,40,Banking, 22.206
boc,40,Banking, 23.612
boc,40,Banking, 24.315
boc,40,Banking, 23.192
boc,40,Banking, 23.374
boc,40,Banking, 23.054
boc,41,Banking, 23.029
boc,41,Banking, 24.27
boc,41,Banking, 23.194
boc,41,Banking, 23.127
boc,41,Banking, 22.95
boc,41,Banking, 23.816
boc,41,Banking, 23.42
boc,41,Banking, 22.963
boc,41,Banking, 23.391
boc,41,Banking, 23.19
boc,41,Banking, 23.744
boc,41,Banking, 23.169
boc,41,Banking, 22.829
boc,41,Banking, 23.838
boc,41,Banking, 23.157
boc,41,Banking, 23.38
boc,41,Banking, 24.167
boc,41,Banking, 22.98
boc,41,Banking, 23.212
boc,41,Banking, 23.995
boc,41,Banking, 23.098
boc,41,Banking, 23.232
boc,41,Banking, 23.163
boc,41,Banking, 23.964
boc,41,Banking, 22.705
boc,41,Banking, 23.411
boc,41,Banking, 22.915
boc,41,Banking, 24.509
boc,41,Banking, 23.405
boc,41,Banking, 23.59
boc,41,Banking, 22.827
boc,41,Banking, 23.96
boc,41,Banking, 22.948
boc,41,Banking, 24.61
boc,41,Banking, 22.391
boc,41,Banking, 24.068
boc,41,Banking, 22.419
boc,41,Banking, 23.403
boc,41,Banking, 22.599
boc,41,Banking, 22.102
boc,41,Banking, 22.762
boc,41,Banking, 23.466
boc,41,Banking, 23.21
boc,41,Banking, 22.739
boc,41,Banking, 24.759
boc,41,Banking, 22.823
boc,41,Banking, 22.735
boc,41,Banking, 23.698
boc,41,Banking, 23.649
boc,41,Banking, 23.065
boc,42,Banking, 23.099
boc,42,Banking, 23.838
boc,42,Banking, 23.514
boc,42,Banking, 23.384
boc,42,Banking, 24.432
boc,42,Banking, 20.984
boc,42,Banking, 23.856
boc,42,Banking, 23.284
boc,42,Banking, 23.419
boc,42,Banking, 23.906
boc,42,Banking, 23.275
boc,42,Banking, 23.403
boc,42,Banking, 23.078
boc,42,Banking, 22.998
boc,42,Banking, 23.537
boc,42,Banking, 23.815
boc,42,Banking, 22.988
boc,42,Banking, 27.716
boc,42,Banking, 24.688
boc,42,Banking, 23.215
boc,42,Banking, 24.164
boc,42,Banking, 24.558
boc,42,Banking, 24.506
boc,42,Banking, 23.627
boc,42,Banking, 22.936
boc,42,Banking, 23.004
boc,42,Banking, 23.312
boc,42,Banking, 23.183
boc,42,Banking, 24.636
boc,42,Banking, 23.14
boc,42,Banking, 23.315
boc,42,Banking, 24.541
boc,42,Banking, 22.452
boc,42,Banking, 23.925
boc,42,Banking, 23.097
boc,42,Banking, 23.731
boc,42,Banking, 23.436
boc,42,Banking, 22.767
boc,42,Banking, 23.609
boc,42,Banking, 23.053
boc,42,Banking, 24.76
boc,42,Banking, 22.166
boc,42,Banking, 23.295
boc,42,Banking, 22.414
boc,42,Banking, 23.164
boc,42,Banking, 22.312
boc,42,Banking, 21.511
boc,42,Banking, 23.477
boc,42,Banking, 23.42
boc,42,Banking, 23.068
boc,43,Banking, 22.395
boc,43,Banking, 24.21
boc,43,Banking, 23.777
boc,43,Banking, 24.325
boc,43,Banking, 21.841
boc,43,Banking, 23.45
boc,43,Banking, 23.328
boc,43,Banking, 23.358
boc,43,Banking, 23.661
boc,43,Banking, 23.926
boc,43,Banking, 22.16
boc,43,Banking, 23.709
boc,43,Banking, 23.931
boc,43,Banking, 23.285
boc,43,Banking, 23.634
boc,43,Banking, 22.305
boc,43,Banking, 23.382
boc,43,Banking, 23.534
boc,43,Banking, 23.264
boc,43,Banking, 23.309
boc,43,Banking, 22.605
boc,43,Banking, 23.986
boc,43,Banking, 23.92
boc,43,Banking, 22.693
boc,43,Banking, 24.245
boc,43,Banking, 21.948
boc,43,Banking, 23.964
boc,43,Banking, 24.135
boc,43,Banking, 22.75
boc,43,Banking, 22.917
boc,43,Banking, 23.527
boc,43,Banking, 23.227
boc,43,Banking, 24.15
boc,43,Banking, 22.804
boc,43,Banking, 24.365
boc,43,Banking, 22.186
boc,43,Banking, 23.322
boc,43,Banking, 23.211
boc,43,Banking, 23.837
boc,43,Banking, 24.056
boc,43,Banking, 23.045
boc,43,Banking, 23.652
boc,43,Banking, 22.935
boc,43,Banking, 23.447
boc,43,Banking, 23.091
boc,43,Banking, 23.628
boc,43,Banking, 23.448
boc,43,Banking, 22.325
boc,43,Banking, 23.853
boc,43,Banking, 23.451
boc,44,Banking, 23.826
boc,44,Banking, 23.691
boc,44,Banking, 22.927
boc,44,Banking, 23.257
boc,44,Banking, 23.914
boc,44,Banking, 23.623
boc,44,Banking, 23.384
boc,44,Banking, 22.531
boc,44,Banking, 23.837
boc,44,Banking, 23.058
boc,44,Banking, 22.536
boc,44,Banking, 23.819
boc,44,Banking, 24.111
boc,44,Banking, 22.654
boc,44,Banking, 23.699
boc,44,Banking, 23.087
boc,44,Banking, 24.602
boc,44,Banking, 22.314
boc,44,Banking, 23.247
boc,44,Banking, 23.868
boc,44,Banking, 22.536
boc,44,Banking, 23.939
boc,44,Banking, 23.204
boc,44,Banking, 24.117
boc,44,Banking, 23.714
boc,44,Banking, 23.245
boc,44,Banking, 23.971
boc,44,Banking, 23.955
boc,44,Banking, 22.024
boc,44,Banking, 23.732
boc,44,Banking, 23.498
boc,44,Banking, 22.674
boc,44,Banking, 23.343
boc,44,Banking, 24.846
boc,44,Banking, 21.535
boc,44,Banking, 24.07
boc,44,Banking, 23.993
boc,44,Banking, 22.335
boc,44,Banking, 23.728
boc,44,Banking, 22.66
boc,44,Banking, 23.59
boc,44,Banking, 23.838
boc,44,Banking, 23.342
boc,44,Banking, 23.68
boc,44,Banking, 22.793
boc,44,Banking, 22.322
boc,44,Banking, 23.239
boc,44,Banking, 24.414
boc,44,Banking, 23.049
boc,44,Banking, 22.983
boc,45,Banking, 23.011
boc,45,Banking, 24.632
boc,45,Banking, 22.431
boc,45,Banking, 24.056
boc,45,Banking, 22.339
boc,45,Banking, 23.595
boc,45,Banking, 23.658
boc,45,Banking, 23.925
boc,45,Banking, 21.981
boc,45,Banking, 22.903
boc,45,Banking, 24.209
boc,45,Banking, 24.689
boc,45,Banking, 21.846
boc,45,Banking, 22.803
boc,45,Banking, 22.09
boc,45,Banking, 24.427
boc,45,Banking, 23.539
boc,45,Banking, 24.81
boc,45,Banking, 22.725
boc,45,Banking, 23.327
boc,45,Banking, 23.794
boc,45,Banking, 22.075
boc,45,Banking, 23.606
boc,45,Banking, 24.089
boc,45,Banking, 23.258
boc,45,Banking, 22.722
boc,45,Banking, 24.341
boc,45,Banking, 23.563
boc,45,Banking, 23.736
boc,45,Banking, 23.346
boc,45,Banking, 22.008
boc,45,Banking, 24.563
boc,45,Banking, 22.132
boc,45,Banking, 22.944
boc,45,Banking, 22.975
boc,45,Banking, 23.494
boc,45,Banking, 23.094
boc,45,Banking, 23.034
boc,45,Banking, 24.421
boc,45,Banking, 21.844
boc,45,Banking, 22.321
boc,45,Banking, 23.523
boc,45,Banking, 24.394
boc,45,Banking, 24.792
boc,45,Banking, 21.519
boc,45,Banking, 24.762
boc,45,Banking, 21.689
boc,45,Banking, 24.757
boc,45,Banking, 22.129
boc,45,Banking, 24.82
boc,46,Banking, 21.609
boc,46,Banking, 24.785
boc,46,Banking, 23.55
boc,46,Banking, 22.334
boc,46,Banking, 22.799
boc,46,Banking, 22.964
boc,46,Banking, 22.807
boc,46,Banking, 22.914
boc,46,Banking, 23.154
boc,46,Banking, 22.876
boc,46,Banking, 23.348
boc,46,Banking, 23.612
boc,46,Banking, 21.541
boc,46,Banking, 24.185
boc,46,Banking, 23.177
boc,46,Banking, 22.77
boc,46,Banking, 23.279
boc,46,Banking, 22.254
boc,46,Banking, 26.651
boc,46,Banking, 23.866
boc,46,Banking, 24.082
boc,46,Banking, 23.927
boc,46,Banking, 23.117
boc,46,Banking, 23.207
boc,46,Banking, 22.746
boc,46,Banking, 22.819
boc,46,Banking, 22.935
boc,46,Banking, 23.048
boc,46,Banking, 23.404
boc,46,Banking, 22.63
boc,46,Banking, 23.74
boc,46,Banking, 22.643
boc,46,Banking, 22.987
boc,46,Banking, 24.621
boc,46,Banking, 21.974
boc,46,Banking, 25.085
boc,46,Banking, 21.692
boc,46,Banking, 24.893
boc,46,Banking, 21.848
boc,46,Banking, 23.315
boc,46,Banking, 23.087
boc,46,Banking, 22.313
boc,46,Banking, 25.213
boc,46,Banking, 23.412
boc,46,Banking, 22.848
boc,46,Banking, 22.805
boc,46,Banking, 23.222
boc,46,Banking, 23.844
boc,46,Banking, 22.567
boc,46,Banking, 22.831
boc,47,Banking, 23.422
boc,47,Banking, 24.731
boc,47,Banking, 22.849
boc,47,Banking, 25.319
boc,47,Banking, 22.916
boc,47,Banking, 23.258
boc,47,Banking, 22.373
boc,47,Banking, 23.73
boc,47,Banking, 22.903
boc,47,Banking, 21.273
boc,47,Banking, 23.56
boc,47,Banking, 23.492
boc,47,Banking, 23.463
boc,47,Banking, 22.983
boc,47,Banking, 23.305
boc,47,Banking, 23.226
boc,47,Banking, 22.998
boc,47,Banking, 23.283
boc,47,Banking, 23.085
boc,47,Banking, 24.058
boc,47,Banking, 24.966
boc,47,Banking, 26.515
boc,47,Banking, 22.062
boc,47,Banking, 23.005
boc,47,Banking, 22.635
boc,47,Banking, 23.855
boc,47,Banking, 22.328
boc,47,Banking, 23.961
boc,47,Banking, 22.899
boc,47,Banking, 23.443
boc,47,Banking, 23.774
boc,47,Banking, 23.004
boc,47,Banking, 22.782
boc,47,Banking, 24.706
boc,47,Banking, 22.74
boc,47,Banking, 23.651
boc,47,Banking, 22.441
boc,47,Banking, 22.614
boc,47,Banking, 23.833
boc,47,Banking, 21.837
boc,47,Banking, 24.027
boc,47,Banking, 22.459
boc,47,Banking, 22.972
boc,47,Banking, 22.549
boc,47,Banking, 23.496
boc,47,Banking, 23.983
boc,47,Banking, 21.964
boc,47,Banking, 23.875
boc,47,Banking, 22.974
boc,47,Banking, 22.082
boc,48,Banking, 23.275
boc,48,Banking, 23.573
boc,48,Banking, 23.44
boc,48,Banking, 24.318
boc,48,Banking, 23.714
boc,48,Banking, 24.565
boc,48,Banking, 24.292
boc,48,Banking, 23.021
boc,48,Banking, 22.725
boc,48,Banking, 22.976
boc,48,Banking, 23.049
boc,48,Banking, 24.28
boc,48,Banking, 23.429
boc,48,Banking, 22.978
boc,48,Banking, 22.94
boc,48,Banking, 22.496
boc,48,Banking, 23.281
boc,48,Banking, 24.867
boc,48,Banking, 22.67
boc,48,Banking, 22.328
boc,48,Banking, 23.246
boc,48,Banking, 23.324
boc,48,Banking, 23.066
boc,48,Banking, 22.711
boc,48,Banking, 22.5
boc,48,Banking, 24.241
boc,48,Banking, 23.195
boc,48,Banking, 23.629
boc,48,Banking, 22.653
boc,48,Banking, 24.235
boc,48,Banking, 22.757
boc,48,Banking, 24.012
boc,48,Banking, 22.734
boc,48,Banking, 22.634
boc,48,Banking, 22.784
boc,48,Banking, 23.413
boc,48,Banking, 23.668
boc,48,Banking, 22.796
boc,48,Banking, 23.365
boc,48,Banking, 21.914
boc,48,Banking, 23.507
boc,48,Banking, 23.375
boc,48,Banking, 23.201
boc,48,Banking, 21.923
boc,48,Banking, 23.392
boc,48,Banking, 23.827
boc,48,Banking, 22.125
boc,48,Banking, 23.2
boc,48,Banking, 23.1
boc,48,Banking, 24.378
boc,49,Banking, 23.741
boc,49,Banking, 24.221
boc,49,Banking, 25.09
boc,49,Banking, 24.205
boc,49,Banking, 23.705
boc,49,Banking, 23.174
boc,49,Banking, 24.345
boc,49,Banking, 23.947
boc,49,Banking, 24.108
boc,49,Banking, 23.874
boc,49,Banking, 24.318
boc,49,Banking, 23.938
boc,49,Banking, 22.25
boc,49,Banking, 22.463
boc,49,Banking, 23.843
boc,49,Banking, 23.421
boc,49,Banking, 22.816
boc,49,Banking, 22.581
boc,49,Banking, 25.073
boc,49,Banking, 24.436
boc,49,Banking, 24.612
boc,49,Banking, 23.025
boc,49,Banking, 22.568
boc,49,Banking, 23.405
boc,49,Banking, 22.231
boc,49,Banking, 22.048
boc,49,Banking, 23.844
boc,49,Banking, 23.064
boc,49,Banking, 23.235
boc,49,Banking, 22.79
boc,49,Banking, 24.074
boc,49,Banking, 22.709
boc,49,Banking, 22.688
boc,49,Banking, 22.623
boc,49,Banking, 22.447
boc,49,Banking, 22.857
boc,49,Banking, 23.246
boc,49,Banking, 22.933
boc,49,Banking, 22.412
boc,49,Banking, 22.661
boc,49,Banking, 23.171
boc,49,Banking, 22.38
boc,49,Banking, 22.971
boc,49,Banking, 22.107
boc,49,Banking, 23.699
boc,49,Banking, 22.627
boc,49,Banking, 23.533
boc,49,Banking, 22.109
boc,49,Banking, 24.839
boc,49,Banking, 24.255
boc,50,Banking, 25.487
boc,50,Banking, 24.65
boc,50,Banking, 21.349
boc,50,Banking, 24.239
boc,50,Banking, 23.217
boc,50,Banking, 23.266
boc,50,Banking, 22.727
boc,50,Banking, 22.553
boc,50,Banking, 23.505
boc,50,Banking, 23.219
boc,50,Banking, 23.227
boc,50,Banking, 23.231
boc,50,Banking, 23.345
boc,50,Banking, 22.521
boc,50,Banking, 22.981
boc,50,Banking, 23.792
boc,50,Banking, 23.331
boc,50,Banking, 23.506
boc,50,Banking, 25.824
boc,50,Banking, 23.938
boc,50,Banking, 22.786
boc,50,Banking, 22.594
boc,50,Banking, 29.882
boc,50,Banking, 34.279
boc,50,Banking, 35.122
boc,50,Banking, 24.542
boc,50,Banking, 22.864
boc,50,Banking, 22.769
boc,50,Banking, 23.618
boc,50,Banking, 22.627
boc,50,Banking, 22.897
boc,50,Banking, 23.587
boc,50,Banking, 23.189
boc,50,Banking, 22.591
boc,50,Banking, 22.48
boc,50,Banking, 24.708
boc,50,Banking, 22.565
boc,50,Banking, 22.84
boc,50,Banking, 22.651
boc,50,Banking, 23.113
boc,50,Banking, 24.028
boc,50,Banking, 23.997
boc,50,Banking, 22.381
boc,50,Banking, 23.056
boc,50,Banking, 23.214
boc,50,Banking, 24.069
boc,50,Banking, 24.673
boc,50,Banking, 22.369
boc,50,Banking, 24.643
boc,50,Banking, 23.042
boc,51,Banking, 29.768
boc,51,Banking, 23.531
boc,51,Banking, 22.704
boc,51,Banking, 22.323
boc,51,Banking, 23.358
boc,51,Banking, 24.157
boc,51,Banking, 24.527
boc,51,Banking, 25.959
boc,51,Banking, 23.756
boc,51,Banking, 23.545
boc,51,Banking, 21.936
boc,51,Banking, 23.954
boc,51,Banking, 22.454
boc,51,Banking, 22.19
boc,51,Banking, 24.312
boc,51,Banking, 22.066
boc,51,Banking, 23.204
boc,51,Banking, 22.97
boc,51,Banking, 22.255
boc,51,Banking, 22.864
boc,51,Banking, 23.512
boc,51,Banking, 24.118
boc,51,Banking, 24.385
boc,51,Banking, 23.075
boc,51,Banking, 23.438
boc,51,Banking, 24.053
boc,51,Banking, 25.054
boc,51,Banking, 22.827
boc,51,Banking, 22.952
boc,51,Banking, 23.658
boc,51,Banking, 23.787
boc,51,Banking, 22.804
boc,51,Banking, 23.342
boc,51,Banking, 23.733
boc,51,Banking, 24.45
boc,51,Banking, 24.713
boc,51,Banking, 22.377
boc,51,Banking, 23.36
boc,51,Banking, 23.252
boc,51,Banking, 23.362
boc,51,Banking, 23.662
boc,51,Banking, 23.338
boc,51,Banking, 24.2
boc,51,Banking, 23.583
boc,51,Banking, 24.874
boc,51,Banking, 23.988
boc,51,Banking, 22.593
boc,51,Banking, 23.362
boc,51,Banking, 24.333
boc,51,Banking, 24.389
boc,52,Banking, 23.246
boc,52,Banking, 23.824
boc,52,Banking, 23.854
boc,52,Banking, 25.228
boc,52,Banking, 24.313
boc,52,Banking, 23.384
boc,52,Banking, 23.002
boc,52,Banking, 23.595
boc,52,Banking, 24.653
boc,52,Banking, 23.401
boc,52,Banking, 24.846
boc,52,Banking, 24.259
boc,52,Banking, 23.993
boc,52,Banking, 23.382
boc,52,Banking, 23.701
boc,52,Banking, 24.348
boc,52,Banking, 25.013
boc,52,Banking, 23.312
boc,52,Banking, 22.447
boc,52,Banking, 22.941
boc,52,Banking, 23.419
boc,52,Banking, 24.876
boc,52,Banking, 29.149
boc,52,Banking, 23.668
boc,52,Banking, 23.459
boc,52,Banking, 24.986
boc,52,Banking, 23.213
boc,52,Banking, 23.932
boc,52,Banking, 23.947
boc,52,Banking, 24.403
boc,52,Banking, 25.142
boc,52,Banking, 23.814
boc,52,Banking, 22.991
boc,52,Banking, 23.977
boc,52,Banking, 27.929
boc,52,Banking, 24.218
boc,52,Banking, 23.423
boc,52,Banking, 22.64
boc,52,Banking, 23.297
boc,52,Banking, 23.842
boc,52,Banking, 24.462
boc,52,Banking, 25.202
boc,52,Banking, 22.334
boc,52,Banking, 23.571
boc,52,Banking, 23.287
boc,52,Banking, 23.263
boc,52,Banking, 26.073
boc,52,Banking, 24.341
boc,52,Banking, 22.975
boc,52,Banking, 22.629
boc,53,Banking, 26.511
boc,53,Banking, 24.2
boc,53,Banking, 23.56
boc,53,Banking, 22.599
boc,53,Banking, 23.326
boc,53,Banking, 22.352
boc,53,Banking, 23.123
boc,53,Banking, 22.832
boc,53,Banking, 25.504
boc,53,Banking, 24.715
boc,53,Banking, 21.49
boc,53,Banking, 24.079
boc,53,Banking, 24.12
boc,53,Banking, 22.9
boc,53,Banking, 23.238
boc,53,Banking, 21.773
boc,53,Banking, 22.415
boc,53,Banking, 23.371
boc,53,Banking, 23.364
boc,53,Banking, 22.913
boc,53,Banking, 22.763
boc,53,Banking, 23.015
boc,53,Banking, 24.455
boc,53,Banking, 24.977
boc,53,Banking, 24.584
boc,53,Banking, 22.673
boc,53,Banking, 24.254
boc,53,Banking, 24.182
boc,53,Banking, 23.362
boc,53,Banking, 24.195
boc,53,Banking, 21.586
boc,53,Banking, 24.955
boc,53,Banking, 22.064
boc,53,Banking, 23.795
boc,53,Banking, 21.9
boc,53,Banking, 22.739
boc,53,Banking, 23.273
boc,53,Banking, 21.342
boc,53,Banking, 24.424
boc,53,Banking, 23.785
boc,53,Banking, 22.666
boc,53,Banking, 22.745
boc,53,Banking, 22.997
boc,53,Banking, 23.309
boc,53,Banking, 25.288
boc,53,Banking, 24.154
boc,53,Banking, 24.764
boc,53,Banking, 22.345
boc,53,Banking, 23.164
boc,53,Banking, 24.9
boc,54,Banking, 23.514
boc,54,Banking, 25.122
boc,54,Banking, 22.736
boc,54,Banking, 22.825
boc,54,Banking, 23.431
boc,54,Banking, 23.515
boc,54,Banking, 23.695
boc,54,Banking, 24.922
boc,54,Banking, 22.512
boc,54,Banking, 22.807
boc,54,Banking, 24.679
boc,54,Banking, 23.1
boc,54,Banking, 24.73
boc,54,Banking, 23.884
boc,54,Banking, 22.754
boc,54,Banking, 23.268
boc,54,Banking, 24.106
boc,54,Banking, 21.96
boc,54,Banking, 24.336
boc,54,Banking, 22.464
boc,54,Banking, 23.545
boc,54,Banking, 23.558
boc,54,Banking, 22.418
boc,54,Banking, 24.228
boc,54,Banking, 22.804
boc,54,Banking, 22.529
boc,54,Banking, 23.526
boc,54,Banking, 23.224
boc,54,Banking, 23.05
boc,54,Banking, 23.407
boc,54,Banking, 24.354
boc,54,Banking, 25.147
boc,54,Banking, 23.255
boc,54,Banking, 23.831
boc,54,Banking, 23.327
boc,54,Banking, 25.678
boc,54,Banking, 22.433
boc,54,Banking, 22.79
boc,54,Banking, 24.564
boc,54,Banking, 23.865
boc,54,Banking, 24.614
boc,54,Banking, 22.365
boc,54,Banking, 23.451
boc,54,Banking, 23.446
boc,54,Banking, 22.154
boc,54,Banking, 23.544
boc,54,Banking, 22.551
boc,54,Banking, 24.622
boc,54,Banking, 24.799
boc,54,Banking, 23.331
boc,55,Banking, 24.888
boc,55,Banking, 24.476
boc,55,Banking, 24.038
boc,55,Banking, 24.513
boc,55,Banking, 23.125
boc,55,Banking, 24.411
boc,55,Banking, 23.867
boc,55,Banking, 23.872
boc,55,Banking, 22.168
boc,55,Banking, 26.562
boc,55,Banking, 24.019
boc,55,Banking, 24.572
boc,55,Banking, 56.549
boc,55,Banking, 24.719
boc,55,Banking, 25.432
boc,55,Banking, 22.969
boc,55,Banking, 23.214
boc,55,Banking, 25.629
boc,55,Banking, 24.069
boc,55,Banking, 22.437
boc,55,Banking, 24.268
boc,55,Banking, 21.811
boc,55,Banking, 23.684
boc,55,Banking, 24.33
boc,55,Banking, 24.881
boc,55,Banking, 22.366
boc,55,Banking, 23.332
boc,55,Banking, 22.27
boc,55,Banking, 23.212
boc,55,Banking, 25.165
boc,55,Banking, 24.539
boc,55,Banking, 24.398
boc,55,Banking, 23.522
boc,55,Banking, 25.616
boc,55,Banking, 38.127
boc,55,Banking, 35.239
boc,55,Banking, 31.625
boc,55,Banking, 24.529
boc,55,Banking, 23.02
boc,55,Banking, 21.92
boc,55,Banking, 22.465
boc,55,Banking, 23.607
boc,55,Banking, 22.915
boc,55,Banking, 22.683
boc,55,Banking, 22.751
boc,55,Banking, 25.165
boc,55,Banking, 24.004
boc,55,Banking, 23.444
boc,55,Banking, 22.528
boc,55,Banking, 24.447
boc,56,Banking, 26.703
boc,56,Banking, 24.583
boc,56,Banking, 23.31
boc,56,Banking, 23.386
boc,56,Banking, 22.674
boc,56,Banking, 23.733
boc,56,Banking, 23.558
boc,56,Banking, 24.825
boc,56,Banking, 26.016
boc,56,Banking, 24.198
boc,56,Banking, 23.088
boc,56,Banking, 22.996
boc,56,Banking, 24.19
boc,56,Banking, 22.715
boc,56,Banking, 24.303
boc,56,Banking, 23.377
boc,56,Banking, 23.468
boc,56,Banking, 23.273
boc,56,Banking, 23.475
boc,56,Banking, 23.687
boc,56,Banking, 25.163
boc,56,Banking, 23.161
boc,56,Banking, 23.492
boc,56,Banking, 24.959
boc,56,Banking, 21.39
boc,56,Banking, 23.505
boc,56,Banking, 23.325
boc,56,Banking, 22.983
boc,56,Banking, 23.125
boc,56,Banking, 25.393
boc,56,Banking, 24.778
boc,56,Banking, 24.436
boc,56,Banking, 25.372
boc,56,Banking, 22.872
boc,56,Banking, 21.865
boc,56,Banking, 23.712
boc,56,Banking, 23.659
boc,56,Banking, 22.585
boc,56,Banking, 24.977
boc,56,Banking, 23.909
boc,56,Banking, 22.149
boc,56,Banking, 22.637
boc,56,Banking, 23.841
boc,56,Banking, 21.592
boc,56,Banking, 22.487
boc,56,Banking, 24.421
boc,56,Banking, 21.979
boc,56,Banking, 23.822
boc,56,Banking, 23.004
boc,56,Banking, 24.171
boc,57,Banking, 25.322
boc,57,Banking, 23.442
boc,57,Banking, 23.832
boc,57,Banking, 25.583
boc,57,Banking, 23.928
boc,57,Banking, 26.992
boc,57,Banking, 24.958
boc,57,Banking, 24.323
boc,57,Banking, 24.546
boc,57,Banking, 24.71
boc,57,Banking, 23.552
boc,57,Banking, 23.637
boc,57,Banking, 24.381
boc,57,Banking, 24.875
boc,57,Banking, 25.188
boc,57,Banking, 24.71
boc,57,Banking, 24.105
boc,57,Banking, 25.466
boc,57,Banking, 23.726
boc,57,Banking, 23.264
boc,57,Banking, 26.255
boc,57,Banking, 24.896
boc,57,Banking, 26.309
boc,57,Banking, 24.393
boc,57,Banking, 23.897
boc,57,Banking, 23.295
boc,57,Banking, 24.183
boc,57,Banking, 23.889
boc,57,Banking, 27.226
boc,57,Banking, 25.101
boc,57,Banking, 24.497
boc,57,Banking, 23.12
boc,57,Banking, 23.258
boc,57,Banking, 21.972
boc,57,Banking, 23.846
boc,57,Banking, 23.43
boc,57,Banking, 24.441
boc,57,Banking, 24.491
boc,57,Banking, 23.901
boc,57,Banking, 23.497
boc,57,Banking, 24.099
boc,57,Banking, 23.264
boc,57,Banking, 26.791
boc,57,Banking, 23.892
boc,57,Banking, 21.913
boc,57,Banking, 22.275
boc,57,Banking, 22.713
boc,57,Banking, 22.202
boc,57,Banking, 23.884
boc,57,Banking, 23.184
boc,58,Banking, 24.326
boc,58,Banking, 24.786
boc,58,Banking, 24.044
boc,58,Banking, 24.764
boc,58,Banking, 23.486
boc,58,Banking, 23.638
boc,58,Banking, 23.908
boc,58,Banking, 25.51
boc,58,Banking, 23.343
boc,58,Banking, 23.929
boc,58,Banking, 24.243
boc,58,Banking, 24.546
boc,58,Banking, 23.632
boc,58,Banking, 23.473
boc,58,Banking, 23.745
boc,58,Banking, 24.688
boc,58,Banking, 25.055
boc,58,Banking, 23.814
boc,58,Banking, 24.288
boc,58,Banking, 25.014
boc,58,Banking, 25.753
boc,58,Banking, 23.728
boc,58,Banking, 25.069
boc,58,Banking, 23.533
boc,58,Banking, 24.567
boc,58,Banking, 26.31
boc,58,Banking, 24.234
boc,58,Banking, 26.535
boc,58,Banking, 25.232
boc,58,Banking, 23.438
boc,58,Banking, 25.132
boc,58,Banking, 26.463
boc,58,Banking, 26.058
boc,58,Banking, 24.206
boc,58,Banking, 24.12
boc,58,Banking, 27.196
boc,58,Banking, 24.526
boc,58,Banking, 23.698
boc,58,Banking, 24.884
boc,58,Banking, 24.198
boc,58,Banking, 24.678
boc,58,Banking, 25.511
boc,58,Banking, 24.706
boc,58,Banking, 24.102
boc,58,Banking, 23.593
boc,58,Banking, 26.639
boc,58,Banking, 24.485
boc,58,Banking, 25.389
boc,58,Banking, 24.484
boc,58,Banking, 24.248
boc,59,Banking, 24.386
boc,59,Banking, 26.402
boc,59,Banking, 25.055
boc,59,Banking, 25.797
boc,59,Banking, 25.712
boc,59,Banking, 25.559
boc,59,Banking, 24.458
boc,59,Banking, 23.45
boc,59,Banking, 25.372
boc,59,Banking, 23.927
boc,59,Banking, 24.65
boc,59,Banking, 24.886
boc,59,Banking, 26.769
boc,59,Banking, 28.294
boc,59,Banking, 25.133
boc,59,Banking, 22.827
boc,59,Banking, 22.991
boc,59,Banking, 24.83
boc,59,Banking, 26.409
boc,59,Banking, 26.36
boc,59,Banking, 26.438
boc,59,Banking, 22.827
boc,59,Banking, 23.247
boc,59,Banking, 25.416
boc,59,Banking, 25.89
boc,59,Banking, 24.333
boc,59,Banking, 23.79
boc,59,Banking, 25.226
boc,59,Banking, 26.417
boc,59,Banking, 23.527
boc,59,Banking, 26.259
boc,59,Banking, 24.883
boc,59,Banking, 25.591
boc,59,Banking, 24.587
boc,59,Banking, 24.397
boc,59,Banking, 25.179
boc,59,Banking, 26.715
boc,59,Banking, 23.548
boc,59,Banking, 24.059
boc,59,Banking, 23.568
boc,59,Banking, 23.845
boc,59,Banking, 26.664
boc,59,Banking, 25.218
boc,59,Banking, 23.81
boc,59,Banking, 25.202
boc,59,Banking, 23.879
boc,59,Banking, 25.133
boc,59,Banking, 23.472
boc,59,Banking, 25.876
boc,59,Banking, 25.416
boc,60,Banking, 25.254
boc,60,Banking, 29.399
boc,60,Banking, 24.444
boc,60,Banking, 25.329
boc,60,Banking, 25.73
boc,60,Banking, 27.015
boc,60,Banking, 25.083
boc,60,Banking, 25.115
boc,60,Banking, 22.559
boc,60,Banking, 24.543
boc,60,Banking, 24.171
boc,60,Banking, 25.09
boc,60,Banking, 25.451
boc,60,Banking, 24.055
boc,60,Banking, 24.701
boc,60,Banking, 24.356
boc,60,Banking, 24.584
boc,60,Banking, 24.906
boc,60,Banking, 25.016
boc,60,Banking, 25.783
boc,60,Banking, 24.385
boc,60,Banking, 24.223
boc,60,Banking, 23.475
boc,60,Banking, 24.799
boc,60,Banking, 25.222
boc,60,Banking, 25.13
boc,60,Banking, 26.615
boc,60,Banking, 25.089
boc,60,Banking, 24.602
boc,60,Banking, 24.398
boc,60,Banking, 24.141
boc,60,Banking, 26.274
boc,60,Banking, 26.844
boc,60,Banking, 24.9
boc,60,Banking, 24.284
boc,60,Banking, 24.376
boc,60,Banking, 24.174
boc,60,Banking, 23.733
boc,60,Banking, 24.146
boc,60,Banking, 24.307
boc,60,Banking, 24.573
boc,60,Banking, 25.869
boc,60,Banking, 24.577
boc,60,Banking, 23.423
boc,60,Banking, 23.376
boc,60,Banking, 25.727
boc,60,Banking, 23.893
boc,60,Banking, 25.434
boc,60,Banking, 24.226
boc,60,Banking, 26.086
boc,61,Banking, 26.649
boc,61,Banking, 25.297
boc,61,Banking, 24.154
boc,61,Banking, 24.868
boc,61,Banking, 25.804
boc,61,Banking, 26.653
boc,61,Banking, 27.541
boc,61,Banking, 24.212
boc,61,Banking, 24.608
boc,61,Banking, 25.255
boc,61,Banking, 23.85
boc,61,Banking, 23.894
boc,61,Banking, 24.647
boc,61,Banking, 22.846
boc,61,Banking, 24.149
boc,61,Banking, 24.575
boc,61,Banking, 24.552
boc,61,Banking, 25.306
boc,61,Banking, 25.213
boc,61,Banking, 24.493
boc,61,Banking, 24.03
boc,61,Banking, 26.713
boc,61,Banking, 23.582
boc,61,Banking, 23.245
boc,61,Banking, 25.556
boc,61,Banking, 24.827
boc,61,Banking, 24.186
boc,61,Banking, 27.755
boc,61,Banking, 24.34
boc,61,Banking, 25.794
boc,61,Banking, 24.031
boc,61,Banking, 25.01
boc,61,Banking, 24.576
boc,61,Banking, 25.746
boc,61,Banking, 23.804
boc,61,Banking, 27.134
boc,61,Banking, 26.002
boc,61,Banking, 24.875
boc,61,Banking, 26.572
boc,61,Banking, 24.65
boc,61,Banking, 24.642
boc,61,Banking, 26.14
boc,61,Banking, 24.914
boc,61,Banking, 26.382
boc,61,Banking, 25.48
boc,61,Banking, 23.554
boc,61,Banking, 24.222
boc,61,Banking, 25.257
boc,61,Banking, 24.499
boc,61,Banking, 27.376
boc,62,Banking, 24.091
boc,62,Banking, 24.413
boc,62,Banking, 25.518
boc,62,Banking, 23.872
boc,62,Banking, 23.407
boc,62,Banking, 25.477
boc,62,Banking, 24.163
boc,62,Banking, 25.579
boc,62,Banking, 24.323
boc,62,Banking, 26.791
boc,62,Banking, 24.524
boc,62,Banking, 23.835
boc,62,Banking, 23.39
boc,62,Banking, 25.121
boc,62,Banking, 23.985
boc,62,Banking, 26.322
boc,62,Banking, 24.482
boc,62,Banking, 25.222
boc,62,Banking, 26.426
boc,62,Banking, 25.305
boc,62,Banking, 24.238
boc,62,Banking, 23.829
boc,62,Banking, 25.526
boc,62,Banking, 26.249
boc,62,Banking, 24.946
boc,62,Banking, 24.324
boc,62,Banking, 26.248
boc,62,Banking, 24.313
boc,62,Banking, 24.891
boc,62,Banking, 24.502
boc,62,Banking, 24.775
boc,62,Banking, 23.78
boc,62,Banking, 26.927
boc,62,Banking, 24.919
boc,62,Banking, 24.435
boc,62,Banking, 24.948
boc,62,Banking, 25.261
boc,62,Banking, 26.649
boc,62,Banking, 24.935
boc,62,Banking, 24.493
boc,62,Banking, 26.063
boc,62,Banking, 26.156
boc,62,Banking, 25.399
boc,62,Banking, 24.881
boc,62,Banking, 24.933
boc,62,Banking, 25.17
boc,62,Banking, 26.202
boc,62,Banking, 23.154
boc,62,Banking, 28.155
boc,62,Banking, 27.639
boc,63,Banking, 25.273
boc,63,Banking, 24.615
boc,63,Banking, 23.674
boc,63,Banking, 25.306
boc,63,Banking, 26.226
boc,63,Banking, 25.331
boc,63,Banking, 26.196
boc,63,Banking, 25.548
boc,63,Banking, 25.476
boc,63,Banking, 27.494
boc,63,Banking, 71.649
boc,63,Banking, 30.112
boc,63,Banking, 26.692
boc,63,Banking, 24.745
boc,63,Banking, 25.792
boc,63,Banking, 25.59
boc,63,Banking, 27.156
boc,63,Banking, 25.277
boc,63,Banking, 24.557
boc,63,Banking, 23.879
boc,63,Banking, 24.68
boc,63,Banking, 25.048
boc,63,Banking, 26.408
boc,63,Banking, 25.766
boc,63,Banking, 24.925
boc,63,Banking, 24.198
boc,63,Banking, 24.945
boc,63,Banking, 25.169
boc,63,Banking, 23.897
boc,63,Banking, 24.326
boc,63,Banking, 24.962
boc,63,Banking, 25.679
boc,63,Banking, 25.935
boc,63,Banking, 24.271
boc,63,Banking, 26.042
boc,63,Banking, 24.287
boc,63,Banking, 25.552
boc,63,Banking, 28.638
boc,63,Banking, 24.291
boc,63,Banking, 23.795
boc,63,Banking, 24.636
boc,63,Banking, 26.344
boc,63,Banking, 24.485
boc,63,Banking, 26.418
boc,63,Banking, 24.766
boc,63,Banking, 23.895
boc,63,Banking, 25.822
boc,63,Banking, 26.676
boc,63,Banking, 25.788
boc,63,Banking, 26.742
boc,64,Banking, 26.941
boc,64,Banking, 26.391
boc,64,Banking, 26.602
boc,64,Banking, 27.358
boc,64,Banking, 29.154
boc,64,Banking, 24.856
boc,64,Banking, 26.224
boc,64,Banking, 24.857
boc,64,Banking, 23.536
boc,64,Banking, 24.708
boc,64,Banking, 27.932
boc,64,Banking, 24.45
boc,64,Banking, 25.866
boc,64,Banking, 25.595
boc,64,Banking, 24.605
boc,64,Banking, 25.649
boc,64,Banking, 25.508
boc,64,Banking, 26.607
boc,64,Banking, 26.748
boc,64,Banking, 25.657
boc,64,Banking, 25.794
boc,64,Banking, 26.181
boc,64,Banking, 24.578
boc,64,Banking, 24.491
boc,64,Banking, 25.035
boc,64,Banking, 25.102
boc,64,Banking, 27.997
boc,64,Banking, 25.08
boc,64,Banking, 25.286
boc,64,Banking, 27.341
boc,64,Banking, 25.935
boc,64,Banking, 26.217
boc,64,Banking, 25.283
boc,64,Banking, 25.185
boc,64,Banking, 23.599
boc,64,Banking, 25.947
boc,64,Banking, 25.29
boc,64,Banking, 26.231
boc,64,Banking, 26.765
boc,64,Banking, 24.248
boc,64,Banking, 24.991
boc,64,Banking, 25.396
boc,64,Banking, 26.565
boc,64,Banking, 25.033
boc,64,Banking, 25.796
boc,64,Banking, 23.98
boc,64,Banking, 25.432
boc,64,Banking, 24.038
boc,64,Banking, 24.72
boc,64,Banking, 24.861
boc,65,Banking, 25.601
boc,65,Banking, 25.996
boc,65,Banking, 26.448
boc,65,Banking, 26.028
boc,65,Banking, 24.921
boc,65,Banking, 24.71
boc,65,Banking, 24.147
boc,65,Banking, 27.305
boc,65,Banking, 26.237
boc,65,Banking, 26.958
boc,65,Banking, 26.26
boc,65,Banking, 25.371
boc,65,Banking, 24.978
boc,65,Banking, 24.523
boc,65,Banking, 26.961
boc,65,Banking, 25.609
boc,65,Banking, 24.656
boc,65,Banking, 24.546
boc,65,Banking, 25.481
boc,65,Banking, 25.755
boc,65,Banking, 26.379
boc,65,Banking, 24.92
boc,65,Banking, 23.745
boc,65,Banking, 25.831
boc,65,Banking, 25.885
boc,65,Banking, 25.597
boc,65,Banking, 24.008
boc,65,Banking, 25.769
boc,65,Banking, 25.662
boc,65,Banking, 25.202
boc,65,Banking, 25.58
boc,65,Banking, 24.64
boc,65,Banking, 25.302
boc,65,Banking, 23.93
boc,65,Banking, 24.717
boc,65,Banking, 24.235
boc,65,Banking, 31.61
boc,65,Banking, 27.077
boc,65,Banking, 24.726
boc,65,Banking, 26.605
boc,65,Banking, 24.135
boc,65,Banking, 24.259
boc,65,Banking, 26.722
boc,65,Banking, 24.702
boc,65,Banking, 23.752
boc,65,Banking, 24.441
boc,65,Banking, 23.705
boc,65,Banking, 24.48
boc,65,Banking, 26.69
boc,65,Banking, 26.497
boc,66,Banking, 28.747
boc,66,Banking, 26.035
boc,66,Banking, 25.748
boc,66,Banking, 24.799
boc,66,Banking, 24.625
boc,66,Banking, 25.11
boc,66,Banking, 25.127
boc,66,Banking, 26.375
boc,66,Banking, 26.288
boc,66,Banking, 26.679
boc,66,Banking, 26.889
boc,66,Banking, 25.895
boc,66,Banking, 26.284
boc,66,Banking, 28.394
boc,66,Banking, 24.755
boc,66,Banking, 25.391
boc,66,Banking, 25.064
boc,66,Banking, 26.857
boc,66,Banking, 30.075
boc,66,Banking, 28.438
boc,66,Banking, 25.512
boc,66,Banking, 26.816
boc,66,Banking, 26.25
boc,66,Banking, 26.786
boc,66,Banking, 26.482
boc,66,Banking, 27.416
boc,66,Banking, 24.201
boc,66,Banking, 25.293
boc,66,Banking, 25.551
boc,66,Banking, 27.001
boc,66,Banking, 26.799
boc,66,Banking, 26.145
boc,66,Banking, 27.068
boc,66,Banking, 26.485
boc,66,Banking, 24.915
boc,66,Banking, 26.019
boc,66,Banking, 25.183
boc,66,Banking, 25.102
boc,66,Banking, 24.02
boc,66,Banking, 26.375
boc,66,Banking, 24.635
boc,66,Banking, 25.489
boc,66,Banking, 26.611
boc,66,Banking, 26.909
boc,66,Banking, 26.148
boc,66,Banking, 25.374
boc,66,Banking, 24.399
boc,66,Banking, 26.685
boc,66,Banking, 27.502
boc,66,Banking, 23.566
boc,67,Banking, 25.984
boc,67,Banking, 25.91
boc,67,Banking, 27.389
boc,67,Banking, 25.706
boc,67,Banking, 26.274
boc,67,Banking, 25.781
boc,67,Banking, 25.411
boc,67,Banking, 25.93
boc,67,Banking, 25.51
boc,67,Banking, 27.678
boc,67,Banking, 28.075
boc,67,Banking, 26.12
boc,67,Banking, 25.903
boc,67,Banking, 28.603
boc,67,Banking, 25.491
boc,67,Banking, 28.339
boc,67,Banking, 27.321
boc,67,Banking, 27.011
boc,67,Banking, 24.884
boc,67,Banking, 27.058
boc,67,Banking, 26.616
boc,67,Banking, 27.307
boc,67,Banking, 25.496
boc,67,Banking, 25.858
boc,67,Banking, 26.246
boc,67,Banking, 25.548
boc,67,Banking, 25.84
boc,67,Banking, 25.247
boc,67,Banking, 25.261
boc,67,Banking, 24.262
boc,67,Banking, 25.844
boc,67,Banking, 28.375
boc,67,Banking, 25.014
boc,67,Banking, 27.469
boc,67,Banking, 25.676
boc,67,Banking, 28.46
boc,67,Banking, 26.616
boc,67,Banking, 26.151
boc,67,Banking, 25.489
boc,67,Banking, 25.395
boc,67,Banking, 27.517
boc,67,Banking, 27.304
boc,67,Banking, 24.843
boc,67,Banking, 29.667
boc,67,Banking, 25.213
boc,67,Banking, 25.98
boc,67,Banking, 29.751
boc,67,Banking, 24.588
boc,67,Banking, 25.869
boc,67,Banking, 28.134
boc,68,Banking, 25.768
boc,68,Banking, 24.51
boc,68,Banking, 27.249
boc,68,Banking, 26.592
boc,68,Banking, 25.747
boc,68,Banking, 26.377
boc,68,Banking, 26.124
boc,68,Banking, 25.067
boc,68,Banking, 25.885
boc,68,Banking, 25.002
boc,68,Banking, 25.439
boc,68,Banking, 24.658
boc,68,Banking, 27.99
boc,68,Banking, 25.265
boc,68,Banking, 24.708
boc,68,Banking, 27.001
boc,68,Banking, 27.644
boc,68,Banking, 25.091
boc,68,Banking, 24.905
boc,68,Banking, 24.13
boc,68,Banking, 25.885
boc,68,Banking, 26.745
boc,68,Banking, 25.457
boc,68,Banking, 25.673
boc,68,Banking, 24.81
boc,68,Banking, 26.693
boc,68,Banking, 26.346
boc,68,Banking, 26.737
boc,68,Banking, 25.818
boc,68,Banking, 26.554
boc,68,Banking, 26.159
boc,68,Banking, 24.872
boc,68,Banking, 28.959
boc,68,Banking, 28.645
boc,68,Banking, 25.93
boc,68,Banking, 27.347
boc,68,Banking, 29.097
boc,68,Banking, 24.943
boc,68,Banking, 24.902
boc,68,Banking, 27.179
boc,68,Banking, 26.425
boc,68,Banking, 25.636
boc,68,Banking, 26.551
boc,68,Banking, 24.246
boc,68,Banking, 25.769
boc,68,Banking, 25.583
boc,68,Banking, 26.967
boc,68,Banking, 26.624
boc,68,Banking, 25.629
boc,68,Banking, 25.576
boc,69,Banking, 25.402
boc,69,Banking, 25.957
boc,69,Banking, 25.074
boc,69,Banking, 26.179
boc,69,Banking, 29.551
boc,69,Banking, 27.602
boc,69,Banking, 25.916
boc,69,Banking, 25.085
boc,69,Banking, 27.643
boc,69,Banking, 26.649
boc,69,Banking, 25.405
boc,69,Banking, 24.571
boc,69,Banking, 26.778
boc,69,Banking, 24.758
boc,69,Banking, 29.254
boc,69,Banking, 25.576
boc,69,Banking, 26.06
boc,69,Banking, 25.969
boc,69,Banking, 27.787
boc,69,Banking, 28.042
boc,69,Banking, 24.916
boc,69,Banking, 25.346
boc,69,Banking, 24.786
boc,69,Banking, 26.068
boc,69,Banking, 26.561
boc,69,Banking, 25.403
boc,69,Banking, 26.316
boc,69,Banking, 26.187
boc,69,Banking, 26.48
boc,69,Banking, 26.841
boc,69,Banking, 26.09
boc,69,Banking, 27.59
boc,69,Banking, 25.926
boc,69,Banking, 26.791
boc,69,Banking, 25.521
boc,69,Banking, 26.602
boc,69,Banking, 27.084
boc,69,Banking, 27.011
boc,69,Banking, 24.036
boc,69,Banking, 25.464
boc,69,Banking, 25.678
boc,69,Banking, 26.602
boc,69,Banking, 26.506
boc,69,Banking, 25.645
boc,69,Banking, 27.65
boc,69,Banking, 25.635
boc,69,Banking, 26.143
boc,69,Banking, 25.735
boc,69,Banking, 26.514
boc,69,Banking, 26.163
boc,70,Banking, 25.971
boc,70,Banking, 26.463
boc,70,Banking, 27.043
boc,70,Banking, 25.056
boc,70,Banking, 26.231
boc,70,Banking, 25.685
boc,70,Banking, 27.198
boc,70,Banking, 28.097
boc,70,Banking, 25.212
boc,70,Banking, 25.933
boc,70,Banking, 24.413
boc,70,Banking, 24.782
boc,70,Banking, 26.904
boc,70,Banking, 26.598
boc,70,Banking, 26.637
boc,70,Banking, 33.772
boc,70,Banking, 34.545
boc,70,Banking, 26.5
boc,70,Banking, 26.606
boc,70,Banking, 25.119
boc,70,Banking, 27.05
boc,70,Banking, 24.895
boc,70,Banking, 28.221
boc,70,Banking, 24.675
boc,70,Banking, 25.57
boc,70,Banking, 25.766
boc,70,Banking, 27.636
boc,70,Banking, 26.031
boc,70,Banking, 28.473
boc,70,Banking, 23.833
boc,70,Banking, 26.569
boc,70,Banking, 27.831
boc,70,Banking, 26.946
boc,70,Banking, 25.757
boc,70,Banking, 28.06
boc,70,Banking, 25.093
boc,70,Banking, 27.904
boc,70,Banking, 25.519
boc,70,Banking, 28.517
boc,70,Banking, 25.767
boc,70,Banking, 27.929
boc,70,Banking, 26.197
boc,70,Banking, 28.858
boc,70,Banking, 25.436
boc,70,Banking, 30.678
boc,70,Banking, 25.715
boc,70,Banking, 30.148
boc,70,Banking, 24.566
boc,70,Banking, 26.916
boc,70,Banking, 26.111
boc,71,Banking, 26.035
boc,71,Banking, 28.105
boc,71,Banking, 24.834
boc,71,Banking, 32.298
boc,71,Banking, 23.986
boc,71,Banking, 24.761
boc,71,Banking, 26.849
boc,71,Banking, 28.873
boc,71,Banking, 27.201
boc,71,Banking, 26.387
boc,71,Banking, 27.746
boc,71,Banking, 26.072
boc,71,Banking, 26.102
boc,71,Banking, 25.862
boc,71,Banking, 27.752
boc,71,Banking, 26.509
boc,71,Banking, 26.228
boc,71,Banking, 28.331
boc,71,Banking, 25.895
boc,71,Banking, 25.997
boc,71,Banking, 25.833
boc,71,Banking, 29.246
boc,71,Banking, 26.833
boc,71,Banking, 27.59
boc,71,Banking, 30.663
boc,71,Banking, 30.781
boc,71,Banking, 25.127
boc,71,Banking, 24.999
boc,71,Banking, 29.794
boc,71,Banking, 25.437
boc,71,Banking, 26.772
boc,71,Banking, 26.54
boc,71,Banking, 25.296
boc,71,Banking, 25.03
boc,71,Banking, 26.65
boc,71,Banking, 26.637
boc,71,Banking, 24.746
boc,71,Banking, 28.574
boc,71,Banking, 27.942
boc,71,Banking, 28.22
boc,71,Banking, 27.342
boc,71,Banking, 27.59
boc,71,Banking, 27.092
boc,71,Banking, 24.544
boc,71,Banking, 27.978
boc,71,Banking, 24.837
boc,71,Banking, 25.719
boc,71,Banking, 24.638
boc,71,Banking, 26.055
boc,71,Banking, 25.917
boc,72,Banking, 27.303
boc,72,Banking, 24.934
boc,72,Banking, 24.701
boc,72,Banking, 26.635
boc,72,Banking, 26.283
boc,72,Banking, 27.682
boc,72,Banking, 30.365
boc,72,Banking, 27.013
boc,72,Banking, 25.76
boc,72,Banking, 25.829
boc,72,Banking, 27.006
boc,72,Banking, 27.219
boc,72,Banking, 24.252
boc,72,Banking, 29.093
boc,72,Banking, 23.512
boc,72,Banking, 25.754
boc,72,Banking, 25.922
boc,72,Banking, 28.096
boc,72,Banking, 25.987
boc,72,Banking, 26.189
boc,72,Banking, 27.097
boc,72,Banking, 25.673
boc,72,Banking, 25.728
boc,72,Banking, 27.073
boc,72,Banking, 26.846
boc,72,Banking, 25.682
boc,72,Banking, 27.369
boc,72,Banking, 25.151
boc,72,Banking, 32.34
boc,72,Banking, 27.947
boc,72,Banking, 35.827
boc,72,Banking, 38.975
boc,72,Banking, 28.511
boc,72,Banking, 25.447
boc,72,Banking, 25.747
boc,72,Banking, 26.783
boc,72,Banking, 25.181
boc,72,Banking, 26.389
boc,72,Banking, 26.326
boc,72,Banking, 24.894
boc,72,Banking, 26.083
boc,72,Banking, 26.03
boc,72,Banking, 26.596
boc,72,Banking, 25.743
boc,72,Banking, 27.156
boc,72,Banking, 26.524
boc,72,Banking, 27.539
boc,72,Banking, 25.99
boc,72,Banking, 27.984
boc,72,Banking, 24.913
